date_simple,shop_id,ranking,ranking_live,ranking_live_without_ad,bookmark_count,uv,bookmark_change_amount,goods_view_count,my_goods_count_change,meta_order_count,meta_order_amount,ad_display_view_count,ad_display_click_count,ad_display_billing_amount,ad_display_cash_amount,ad_display_free_amount,ad_display_total_amount,ad_display_add_cash_count,ad_display_add_cash_amount,ad_display_remain_cash_amount,ad_display_new_content_created_count,ad_display_new_goods_adopted_count,ad_display_content_total_running_count,ad_display_content_valid_running_count,ad_display_content_auto_scheduling_on_going_count,ad_display_content_auto_scheduling_elapsed_rate_avg,ad_display_content_rank_under_200_count,ad_display_content_with_daily_budget_count,ad_display_content_with_max_budget_count,ad_display_content_daily_budget_avg,ad_display_content_max_budget_avg,ad_display_content_first_running_count,ad_display_run_ordinal,ad_display_run_ordinal_day,ad_display_stop_ordinal,ad_display_stop_ordinal_day,ad_display_run_ordinal_final,ad_display_stop_ordinal_final,ad_display_status_final,ad_display_content_total_running_content_id_list,ad_display_content_valid_running_content_id_list,ad_display_content_auto_scheduling_on_going_content_id_list,ad_display_content_rank_under_200_content_id_list,ad_display_content_with_daily_budget_content_id_list,ad_display_content_with_max_budget_content_id_list,ad_display_content_first_running_content_id_list,shop_state_closed_to_normal,created_order_count,created_order_amount,created_order_item_count,paid_order_count,paid_order_amount,paid_order_item_count,refunded_order_count,refunded_order_amount,refunded_order_item_count,order_count,order_amount,date_simple,shop_id,shop_name,pv
2019-10-28,2003,179,173,272,81008,8453,357,16693,2852,48,3636800,143503,2737,315703,313343,0,313343,0,0,1233964,0,0,6,6,0,null,0,6,0,85000,null,0,3,530,3,-1,3,3,1,"c05c6821-e183-4056-84fc-cf2fba5502e0,bec1038e-ade0-4490-ab14-4787e142ee0b,4e95179d-3cd1-4f56-ac16-a6d6fa24749a,bdc2e5a0-057b-46fc-8094-89516cfbe928,790d79fe-6a77-4816-abb2-dbdbe86c30f7,5d5b89a1-65f6-45b6-9c1b-4504f4860659","c05c6821-e183-4056-84fc-cf2fba5502e0,bec1038e-ade0-4490-ab14-4787e142ee0b,790d79fe-6a77-4816-abb2-dbdbe86c30f7,4e95179d-3cd1-4f56-ac16-a6d6fa24749a,bdc2e5a0-057b-46fc-8094-89516cfbe928,5d5b89a1-65f6-45b6-9c1b-4504f4860659",,,"c05c6821-e183-4056-84fc-cf2fba5502e0,4e95179d-3cd1-4f56-ac16-a6d6fa24749a,bdc2e5a0-057b-46fc-8094-89516cfbe928,5d5b89a1-65f6-45b6-9c1b-4504f4860659,bec1038e-ade0-4490-ab14-4787e142ee0b,790d79fe-6a77-4816-abb2-dbdbe86c30f7",,,1,103,4342150,145,102,4271900,143,13,717350,19,48,3636800,2019-10-28,2003,더제이수,7553
2019-10-28,2220,242,228,334,59010,1406,114,2732,332,22,1141622,20578,312,45270,42814,0,42814,1,1000000,949605,0,0,4,4,0,null,1,4,0,30000,null,0,2,1,2,-1,2,2,1,"a1f3e7dd-d7dd-489d-bf4a-048e323fe60f,bda7f933-cb89-4054-a538-a10493436333,ff47d431-8410-45ed-8933-0b934bbee4d3,f7dc73a5-3057-442d-a634-9601f5b31af4","bda7f933-cb89-4054-a538-a10493436333,ff47d431-8410-45ed-8933-0b934bbee4d3,f7dc73a5-3057-442d-a634-9601f5b31af4,a1f3e7dd-d7dd-489d-bf4a-048e323fe60f",,a1f3e7dd-d7dd-489d-bf4a-048e323fe60f,"f7dc73a5-3057-442d-a634-9601f5b31af4,bda7f933-cb89-4054-a538-a10493436333,ff47d431-8410-45ed-8933-0b934bbee4d3,a1f3e7dd-d7dd-489d-bf4a-048e323fe60f",,,1,10,285000,13,9,268000,12,3,105400,4,22,1141622,2019-10-28,2220,크러시제이,5753
2019-10-28,2413,1240,1058,748,28512,667,31,1335,92,5,519700,0,0,0,0,0,0,0,0,-5266,0,0,0,0,0,null,0,0,0,null,null,0,3,-1,2,181,3,2,0,null,null,null,null,null,null,null,1,0,0,0,0,0,0,0,0,0,5,519700,2019-10-28,2413,드보우,2962
2019-10-28,3492,2408,1873,1538,1761,798,15,1169,136,2,120100,0,0,0,0,0,0,0,0,67419,0,0,0,0,0,null,0,0,0,null,null,0,2,-1,1,199,2,1,0,null,null,null,null,null,null,null,1,0,0,0,0,0,0,0,0,0,2,120100,2019-10-28,3492,바이비브,69
2019-10-28,5387,2354,1838,1486,2747,489,13,897,77,4,268800,0,0,0,0,0,0,0,0,44298,0,0,0,0,0,null,0,0,0,null,null,0,9,-1,8,229,9,8,0,null,null,null,null,null,null,null,1,0,0,0,0,0,0,0,0,0,4,268800,2019-10-28,5387,미니걸스,131
2019-10-28,6147,781,690,1259,2211,670,13,834,115,5,192900,29431,516,64747,64789,0,64789,0,0,21128,3,2,5,4,0,null,2,2,3,52500,10000,3,2,120,2,-1,2,2,1,"54c1d07f-5d45-4036-8512-1020578fb1b7,3e17fa2c-31ac-4739-882a-4fa1043eb569,9078d194-5385-486d-bcd8-0078964303b9,b6e8ac64-19ae-4f81-a247-5a26ba435f1d,ee26d050-172e-47c0-8e2c-642453ea737e","54c1d07f-5d45-4036-8512-1020578fb1b7,3e17fa2c-31ac-4739-882a-4fa1043eb569,9078d194-5385-486d-bcd8-0078964303b9,b6e8ac64-19ae-4f81-a247-5a26ba435f1d",,"54c1d07f-5d45-4036-8512-1020578fb1b7,3e17fa2c-31ac-4739-882a-4fa1043eb569","54c1d07f-5d45-4036-8512-1020578fb1b7,b6e8ac64-19ae-4f81-a247-5a26ba435f1d","ee26d050-172e-47c0-8e2c-642453ea737e,3e17fa2c-31ac-4739-882a-4fa1043eb569,9078d194-5385-486d-bcd8-0078964303b9","3e17fa2c-31ac-4739-882a-4fa1043eb569,9078d194-5385-486d-bcd8-0078964303b9,ee26d050-172e-47c0-8e2c-642453ea737e",1,0,0,0,0,0,0,0,0,0,5,192900,2019-10-28,6147,미코미코,319
2019-10-27,2003,179,173,270,80651,8055,358,16470,2559,37,2659950,149751,3205,329450,332329,0,332329,0,0,1547307,0,0,4,4,0,null,0,4,0,87500,null,0,3,529,3,-2,3,3,1,"c05c6821-e183-4056-84fc-cf2fba5502e0,4e95179d-3cd1-4f56-ac16-a6d6fa24749a,bdc2e5a0-057b-46fc-8094-89516cfbe928,790d79fe-6a77-4816-abb2-dbdbe86c30f7","c05c6821-e183-4056-84fc-cf2fba5502e0,790d79fe-6a77-4816-abb2-dbdbe86c30f7,4e95179d-3cd1-4f56-ac16-a6d6fa24749a,bdc2e5a0-057b-46fc-8094-89516cfbe928",,,"c05c6821-e183-4056-84fc-cf2fba5502e0,4e95179d-3cd1-4f56-ac16-a6d6fa24749a,bdc2e5a0-057b-46fc-8094-89516cfbe928,790d79fe-6a77-4816-abb2-dbdbe86c30f7",,,1,87,5273400,150,82,5121600,145,3,56500,3,37,2659950,2019-10-27,2003,더제이수,5613
2019-10-27,2220,236,223,334,58896,837,68,1530,55,8,482400,713,13,1568,5802,0,5802,0,0,-7581,0,0,4,0,0,null,3,4,0,30000,null,0,2,-1,1,1,2,2,1,"a1f3e7dd-d7dd-489d-bf4a-048e323fe60f,bda7f933-cb89-4054-a538-a10493436333,ff47d431-8410-45ed-8933-0b934bbee4d3,f7dc73a5-3057-442d-a634-9601f5b31af4",,,"bda7f933-cb89-4054-a538-a10493436333,ff47d431-8410-45ed-8933-0b934bbee4d3,a1f3e7dd-d7dd-489d-bf4a-048e323fe60f","f7dc73a5-3057-442d-a634-9601f5b31af4,bda7f933-cb89-4054-a538-a10493436333,ff47d431-8410-45ed-8933-0b934bbee4d3,a1f3e7dd-d7dd-489d-bf4a-048e323fe60f",,,1,2,72000,2,2,72000,2,0,0,0,8,482400,2019-10-27,2220,크러시제이,2740
2019-10-27,2413,1236,1056,744,28481,483,25,955,15,1,131200,0,0,0,0,0,0,0,0,-5266,0,0,0,0,0,null,0,0,0,null,null,0,3,-2,2,180,3,2,0,null,null,null,null,null,null,null,1,0,0,0,0,0,0,0,0,0,1,131200,2019-10-27,2413,드보우,1524
2019-10-27,3492,2412,1876,1538,1746,781,13,1136,106,3,286780,0,0,0,0,0,0,0,0,67419,0,0,0,0,0,null,0,0,0,null,null,0,2,-2,1,198,2,1,0,null,null,null,null,null,null,null,1,0,0,0,0,0,0,0,0,0,3,286780,2019-10-27,3492,바이비브,120
2019-10-27,5387,2355,1839,1480,2734,470,14,860,87,5,271000,0,0,0,0,0,0,0,0,44298,0,0,0,0,0,null,0,0,0,null,null,0,9,-2,8,228,9,8,0,null,null,null,null,null,null,null,1,0,0,0,0,0,0,0,0,0,5,271000,2019-10-27,5387,미니걸스,123
2019-10-27,6147,776,686,1250,2198,568,13,686,77,4,131900,24107,510,53035,53512,0,53512,0,0,85917,0,0,2,2,0,null,1,2,0,52500,null,0,2,119,2,-2,2,2,1,"54c1d07f-5d45-4036-8512-1020578fb1b7,b6e8ac64-19ae-4f81-a247-5a26ba435f1d","54c1d07f-5d45-4036-8512-1020578fb1b7,b6e8ac64-19ae-4f81-a247-5a26ba435f1d",,54c1d07f-5d45-4036-8512-1020578fb1b7,"54c1d07f-5d45-4036-8512-1020578fb1b7,b6e8ac64-19ae-4f81-a247-5a26ba435f1d",,,1,0,0,0,0,0,0,0,0,0,4,131900,2019-10-27,6147,미코미코,171
2019-10-26,2003,180,174,268,80293,5975,298,12180,2066,16,1354650,135515,2654,298132,295603,0,295603,0,0,1879636,0,0,4,4,0,null,0,4,0,87500,null,0,3,528,3,-3,3,3,1,"c05c6821-e183-4056-84fc-cf2fba5502e0,790d79fe-6a77-4816-abb2-dbdbe86c30f7,4e95179d-3cd1-4f56-ac16-a6d6fa24749a,bdc2e5a0-057b-46fc-8094-89516cfbe928","c05c6821-e183-4056-84fc-cf2fba5502e0,790d79fe-6a77-4816-abb2-dbdbe86c30f7,4e95179d-3cd1-4f56-ac16-a6d6fa24749a,bdc2e5a0-057b-46fc-8094-89516cfbe928",,,"c05c6821-e183-4056-84fc-cf2fba5502e0,790d79fe-6a77-4816-abb2-dbdbe86c30f7,4e95179d-3cd1-4f56-ac16-a6d6fa24749a,bdc2e5a0-057b-46fc-8094-89516cfbe928",,,1,34,1478300,49,33,1445100,48,2,98600,3,16,1354650,2019-10-26,2003,더제이수,5207
2019-10-26,2220,235,222,335,58828,870,98,1486,120,12,868800,20610,222,45340,46438,0,46438,0,0,-1779,0,0,4,4,0,null,3,4,0,30000,null,0,1,663,1,-1,2,2,1,"bda7f933-cb89-4054-a538-a10493436333,ff47d431-8410-45ed-8933-0b934bbee4d3,f7dc73a5-3057-442d-a634-9601f5b31af4,a1f3e7dd-d7dd-489d-bf4a-048e323fe60f","f7dc73a5-3057-442d-a634-9601f5b31af4,bda7f933-cb89-4054-a538-a10493436333,ff47d431-8410-45ed-8933-0b934bbee4d3,a1f3e7dd-d7dd-489d-bf4a-048e323fe60f",,"bda7f933-cb89-4054-a538-a10493436333,ff47d431-8410-45ed-8933-0b934bbee4d3,a1f3e7dd-d7dd-489d-bf4a-048e323fe60f","bda7f933-cb89-4054-a538-a10493436333,ff47d431-8410-45ed-8933-0b934bbee4d3,f7dc73a5-3057-442d-a634-9601f5b31af4,a1f3e7dd-d7dd-489d-bf4a-048e323fe60f",,,1,8,381200,13,8,381200,13,1,26100,1,12,868800,2019-10-26,2220,크러시제이,3029
2019-10-26,2413,1236,1057,742,28456,461,41,903,101,2,151500,0,0,0,0,0,0,0,0,-5266,0,0,0,0,0,null,0,0,0,null,null,0,3,-3,2,179,3,2,0,null,null,null,null,null,null,null,1,0,0,0,0,0,0,0,0,0,2,151500,2019-10-26,2413,드보우,1978
2019-10-26,3492,2432,1893,1549,1733,526,5,818,73,6,442080,0,0,0,0,0,0,0,0,67419,0,0,0,0,0,null,0,0,0,null,null,0,2,-3,1,197,2,1,0,null,null,null,null,null,null,null,1,0,0,0,0,0,0,0,0,0,6,442080,2019-10-26,3492,바이비브,73
2019-10-26,5387,2339,1826,1467,2720,359,9,596,44,2,123400,0,0,0,0,0,0,0,0,44298,0,0,0,0,0,null,0,0,0,null,null,0,9,-3,8,227,9,8,0,null,null,null,null,null,null,null,1,0,0,0,0,0,0,0,0,0,2,123400,2019-10-26,5387,미니걸스,190
2019-10-26,6147,765,676,1233,2185,472,12,565,72,1,51300,22909,470,50399,51429,0,51429,0,0,139429,0,0,2,2,0,null,1,2,0,52500,null,0,2,118,2,-3,2,2,1,"54c1d07f-5d45-4036-8512-1020578fb1b7,b6e8ac64-19ae-4f81-a247-5a26ba435f1d","54c1d07f-5d45-4036-8512-1020578fb1b7,b6e8ac64-19ae-4f81-a247-5a26ba435f1d",,54c1d07f-5d45-4036-8512-1020578fb1b7,"54c1d07f-5d45-4036-8512-1020578fb1b7,b6e8ac64-19ae-4f81-a247-5a26ba435f1d",,,1,0,0,0,0,0,0,0,0,0,1,51300,2019-10-26,6147,미코미코,219
2019-10-25,2003,178,172,267,79995,3327,169,5869,861,9,588410,95686,1874,210508,213190,0,213190,0,0,2175239,2,1,6,5,0,null,0,6,0,88333.33333333333,null,2,3,527,3,-4,3,3,1,"c05c6821-e183-4056-84fc-cf2fba5502e0,4e95179d-3cd1-4f56-ac16-a6d6fa24749a,bdc2e5a0-057b-46fc-8094-89516cfbe928,bceb0c0a-908f-4949-8513-f67433e07323,61285a5f-b279-4737-9345-aa62a19f1da7,790d79fe-6a77-4816-abb2-dbdbe86c30f7","c05c6821-e183-4056-84fc-cf2fba5502e0,bceb0c0a-908f-4949-8513-f67433e07323,790d79fe-6a77-4816-abb2-dbdbe86c30f7,4e95179d-3cd1-4f56-ac16-a6d6fa24749a,bdc2e5a0-057b-46fc-8094-89516cfbe928",,,"c05c6821-e183-4056-84fc-cf2fba5502e0,bceb0c0a-908f-4949-8513-f67433e07323,61285a5f-b279-4737-9345-aa62a19f1da7,790d79fe-6a77-4816-abb2-dbdbe86c30f7,4e95179d-3cd1-4f56-ac16-a6d6fa24749a,bdc2e5a0-057b-46fc-8094-89516cfbe928",,"61285a5f-b279-4737-9345-aa62a19f1da7,4e95179d-3cd1-4f56-ac16-a6d6fa24749a",1,11,486850,13,10,457050,12,7,414400,9,9,588410,2019-10-25,2003,더제이수,5989
2019-10-25,2220,235,222,337,58730,939,85,1495,171,14,847300,19331,237,42525,43016,0,43016,0,0,44659,1,1,7,3,0,null,5,7,0,30000,null,1,1,662,1,-2,2,2,1,"bda7f933-cb89-4054-a538-a10493436333,b84df423-3323-4bda-af07-f61215aab448,ff47d431-8410-45ed-8933-0b934bbee4d3,634e393f-0fd3-4316-8248-179338748153,f7dc73a5-3057-442d-a634-9601f5b31af4,19c219d8-63f0-4889-b5bf-9578e2a53bdb,a1f3e7dd-d7dd-489d-bf4a-048e323fe60f","f7dc73a5-3057-442d-a634-9601f5b31af4,bda7f933-cb89-4054-a538-a10493436333,ff47d431-8410-45ed-8933-0b934bbee4d3",,"bda7f933-cb89-4054-a538-a10493436333,b84df423-3323-4bda-af07-f61215aab448,ff47d431-8410-45ed-8933-0b934bbee4d3,a1f3e7dd-d7dd-489d-bf4a-048e323fe60f,634e393f-0fd3-4316-8248-179338748153","bda7f933-cb89-4054-a538-a10493436333,b84df423-3323-4bda-af07-f61215aab448,ff47d431-8410-45ed-8933-0b934bbee4d3,634e393f-0fd3-4316-8248-179338748153,f7dc73a5-3057-442d-a634-9601f5b31af4,19c219d8-63f0-4889-b5bf-9578e2a53bdb,a1f3e7dd-d7dd-489d-bf4a-048e323fe60f",,f7dc73a5-3057-442d-a634-9601f5b31af4,1,4,200000,8,4,200000,8,1,72000,3,14,847300,2019-10-25,2220,크러시제이,4598
2019-10-25,2413,1229,1051,736,28415,435,36,828,71,6,313000,0,0,0,0,0,0,0,0,-5266,0,0,0,0,0,null,0,0,0,null,null,0,3,-4,2,178,3,2,0,null,null,null,null,null,null,null,1,0,0,0,0,0,0,0,0,0,6,313000,2019-10-25,2413,드보우,1935
2019-10-25,3492,2427,1886,1550,1728,510,6,731,81,5,373920,0,0,0,0,0,0,0,0,67419,0,0,0,0,0,null,0,0,0,null,null,0,2,-4,1,196,2,1,0,null,null,null,null,null,null,null,1,0,0,0,0,0,0,0,0,0,5,373920,2019-10-25,3492,바이비브,108
2019-10-25,5387,2325,1813,1461,2711,350,6,741,78,5,452300,0,0,0,0,0,0,0,0,44298,0,0,0,0,0,null,0,0,0,null,null,0,9,-4,8,226,9,8,0,null,null,null,null,null,null,null,1,0,0,0,0,0,0,0,0,0,5,452300,2019-10-25,5387,미니걸스,311
2019-10-25,6147,765,676,1226,2173,498,22,606,87,2,60240,26855,527,59081,58022,0,58022,0,0,190858,0,0,2,2,0,null,1,2,0,52500,null,0,2,117,2,-4,2,2,1,"54c1d07f-5d45-4036-8512-1020578fb1b7,b6e8ac64-19ae-4f81-a247-5a26ba435f1d","54c1d07f-5d45-4036-8512-1020578fb1b7,b6e8ac64-19ae-4f81-a247-5a26ba435f1d",,54c1d07f-5d45-4036-8512-1020578fb1b7,"54c1d07f-5d45-4036-8512-1020578fb1b7,b6e8ac64-19ae-4f81-a247-5a26ba435f1d",,,1,0,0,0,0,0,0,0,0,0,2,60240,2019-10-25,6147,미코미코,246
2019-10-24,2003,179,173,266,79826,3517,144,6702,1036,12,1192232,92388,1824,203250,202105,0,202105,1,2000000,2388429,2,1,8,7,0,null,2,8,0,92500,null,2,3,526,3,-5,3,3,1,"c05c6821-e183-4056-84fc-cf2fba5502e0,33575683-a36e-4d64-a097-82b4428aa7b2,bec1038e-ade0-4490-ab14-4787e142ee0b,bceb0c0a-908f-4949-8513-f67433e07323,8acdfef4-1372-4275-845f-48278af981a4,790d79fe-6a77-4816-abb2-dbdbe86c30f7,908379f6-3113-47f9-8a32-3cb4953206ba,bdc2e5a0-057b-46fc-8094-89516cfbe928","c05c6821-e183-4056-84fc-cf2fba5502e0,908379f6-3113-47f9-8a32-3cb4953206ba,33575683-a36e-4d64-a097-82b4428aa7b2,bdc2e5a0-057b-46fc-8094-89516cfbe928,bec1038e-ade0-4490-ab14-4787e142ee0b,bceb0c0a-908f-4949-8513-f67433e07323,790d79fe-6a77-4816-abb2-dbdbe86c30f7",,"33575683-a36e-4d64-a097-82b4428aa7b2,8acdfef4-1372-4275-845f-48278af981a4","c05c6821-e183-4056-84fc-cf2fba5502e0,33575683-a36e-4d64-a097-82b4428aa7b2,bec1038e-ade0-4490-ab14-4787e142ee0b,bceb0c0a-908f-4949-8513-f67433e07323,8acdfef4-1372-4275-845f-48278af981a4,790d79fe-6a77-4816-abb2-dbdbe86c30f7,908379f6-3113-47f9-8a32-3cb4953206ba,bdc2e5a0-057b-46fc-8094-89516cfbe928",,"908379f6-3113-47f9-8a32-3cb4953206ba,33575683-a36e-4d64-a097-82b4428aa7b2",1,20,872700,29,20,872700,29,8,641300,10,12,1192232,2019-10-24,2003,더제이수,8712
2019-10-24,2220,237,224,343,58645,1165,35,2056,161,13,769980,29085,335,63984,61975,0,61975,0,0,87675,1,0,8,6,0,null,6,8,0,30000,null,1,1,661,1,-3,2,2,1,"b84df423-3323-4bda-af07-f61215aab448,19c219d8-63f0-4889-b5bf-9578e2a53bdb,a1f3e7dd-d7dd-489d-bf4a-048e323fe60f,bda7f933-cb89-4054-a538-a10493436333,ff47d431-8410-45ed-8933-0b934bbee4d3,634e393f-0fd3-4316-8248-179338748153,7b65465c-b587-45b7-a9b3-cecaa0743be4,879c52f6-357f-420b-9228-2e3a25916a61","bda7f933-cb89-4054-a538-a10493436333,b84df423-3323-4bda-af07-f61215aab448,ff47d431-8410-45ed-8933-0b934bbee4d3,634e393f-0fd3-4316-8248-179338748153,19c219d8-63f0-4889-b5bf-9578e2a53bdb,a1f3e7dd-d7dd-489d-bf4a-048e323fe60f",,"b84df423-3323-4bda-af07-f61215aab448,634e393f-0fd3-4316-8248-179338748153,19c219d8-63f0-4889-b5bf-9578e2a53bdb,7b65465c-b587-45b7-a9b3-cecaa0743be4,879c52f6-357f-420b-9228-2e3a25916a61,a1f3e7dd-d7dd-489d-bf4a-048e323fe60f","bda7f933-cb89-4054-a538-a10493436333,b84df423-3323-4bda-af07-f61215aab448,ff47d431-8410-45ed-8933-0b934bbee4d3,634e393f-0fd3-4316-8248-179338748153,19c219d8-63f0-4889-b5bf-9578e2a53bdb,7b65465c-b587-45b7-a9b3-cecaa0743be4,879c52f6-357f-420b-9228-2e3a25916a61,a1f3e7dd-d7dd-489d-bf4a-048e323fe60f",,19c219d8-63f0-4889-b5bf-9578e2a53bdb,1,4,296000,5,4,296000,5,0,0,0,13,769980,2019-10-24,2220,크러시제이,4754
2019-10-24,2413,1227,1050,736,28379,485,19,959,55,5,331600,0,0,0,0,0,0,0,0,-5266,0,0,0,0,0,null,0,0,0,null,null,0,3,-5,2,177,3,2,0,null,null,null,null,null,null,null,1,0,0,0,0,0,0,0,0,0,5,331600,2019-10-24,2413,드보우,1852
2019-10-24,3492,2408,1871,1544,1722,637,10,1005,114,4,345950,0,0,0,0,0,0,0,0,67419,0,0,0,0,0,null,0,0,0,null,null,0,2,-5,1,195,2,1,0,null,null,null,null,null,null,null,1,0,0,0,0,0,0,0,0,0,4,345950,2019-10-24,3492,바이비브,199
2019-10-24,5387,2353,1832,1493,2705,353,8,702,65,6,422900,0,0,0,0,0,0,0,0,44298,0,0,0,0,0,null,0,0,0,null,null,0,9,-5,8,225,9,8,0,null,null,null,null,null,null,null,1,0,0,0,0,0,0,0,0,0,6,422900,2019-10-24,5387,미니걸스,191
2019-10-24,6147,770,680,1219,2151,517,8,638,76,2,80800,27239,561,59923,61371,0,61371,0,0,248880,0,0,6,3,0,null,2,4,4,56250,14750,0,2,116,2,-5,2,2,1,"b6e8ac64-19ae-4f81-a247-5a26ba435f1d,54c1d07f-5d45-4036-8512-1020578fb1b7,138800c7-3677-4f98-acae-a99282724b29,52664ab3-122f-4486-a6cf-0c7b72481f02,3293898b-f8a1-4596-b31d-90735879b403,b75224a5-8f48-4ef9-b157-897f77d4c860","54c1d07f-5d45-4036-8512-1020578fb1b7,b6e8ac64-19ae-4f81-a247-5a26ba435f1d,3293898b-f8a1-4596-b31d-90735879b403",,"3293898b-f8a1-4596-b31d-90735879b403,b75224a5-8f48-4ef9-b157-897f77d4c860","54c1d07f-5d45-4036-8512-1020578fb1b7,138800c7-3677-4f98-acae-a99282724b29,b6e8ac64-19ae-4f81-a247-5a26ba435f1d,b75224a5-8f48-4ef9-b157-897f77d4c860","b75224a5-8f48-4ef9-b157-897f77d4c860,138800c7-3677-4f98-acae-a99282724b29,52664ab3-122f-4486-a6cf-0c7b72481f02,3293898b-f8a1-4596-b31d-90735879b403",,1,0,0,0,0,0,0,0,0,0,2,80800,2019-10-24,6147,미코미코,284
2019-10-23,2003,178,172,265,79682,3603,146,6722,906,15,768700,100846,2098,221860,219369,0,219369,0,0,590534,2,2,6,6,0,null,1,6,0,91666.66666666667,null,2,3,525,3,-6,3,3,1,"c05c6821-e183-4056-84fc-cf2fba5502e0,bec1038e-ade0-4490-ab14-4787e142ee0b,8acdfef4-1372-4275-845f-48278af981a4,bdc2e5a0-057b-46fc-8094-89516cfbe928,bceb0c0a-908f-4949-8513-f67433e07323,790d79fe-6a77-4816-abb2-dbdbe86c30f7","c05c6821-e183-4056-84fc-cf2fba5502e0,bec1038e-ade0-4490-ab14-4787e142ee0b,bceb0c0a-908f-4949-8513-f67433e07323,8acdfef4-1372-4275-845f-48278af981a4,790d79fe-6a77-4816-abb2-dbdbe86c30f7,bdc2e5a0-057b-46fc-8094-89516cfbe928",,8acdfef4-1372-4275-845f-48278af981a4,"c05c6821-e183-4056-84fc-cf2fba5502e0,bec1038e-ade0-4490-ab14-4787e142ee0b,bceb0c0a-908f-4949-8513-f67433e07323,8acdfef4-1372-4275-845f-48278af981a4,790d79fe-6a77-4816-abb2-dbdbe86c30f7,bdc2e5a0-057b-46fc-8094-89516cfbe928",,"c05c6821-e183-4056-84fc-cf2fba5502e0,8acdfef4-1372-4275-845f-48278af981a4",1,16,632550,18,16,635350,18,7,257600,7,15,768700,2019-10-23,2003,더제이수,7211
2019-10-23,2220,235,222,348,58610,1431,75,3031,285,36,1815500,25350,304,55768,57627,0,57627,0,0,149650,0,0,4,4,0,null,3,4,0,30000,null,0,1,660,1,-4,2,2,1,"ff47d431-8410-45ed-8933-0b934bbee4d3,7b65465c-b587-45b7-a9b3-cecaa0743be4,879c52f6-357f-420b-9228-2e3a25916a61,a1f3e7dd-d7dd-489d-bf4a-048e323fe60f","ff47d431-8410-45ed-8933-0b934bbee4d3,7b65465c-b587-45b7-a9b3-cecaa0743be4,879c52f6-357f-420b-9228-2e3a25916a61,a1f3e7dd-d7dd-489d-bf4a-048e323fe60f",,"7b65465c-b587-45b7-a9b3-cecaa0743be4,879c52f6-357f-420b-9228-2e3a25916a61,a1f3e7dd-d7dd-489d-bf4a-048e323fe60f","ff47d431-8410-45ed-8933-0b934bbee4d3,7b65465c-b587-45b7-a9b3-cecaa0743be4,879c52f6-357f-420b-9228-2e3a25916a61,a1f3e7dd-d7dd-489d-bf4a-048e323fe60f",,,1,10,505300,14,10,505300,14,1,21600,1,36,1815500,2019-10-23,2220,크러시제이,5672
2019-10-23,2413,1229,1052,737,28360,567,21,1216,117,6,328500,0,0,0,0,0,0,0,0,-5266,0,0,0,0,0,null,0,0,0,null,null,0,3,-6,2,176,3,2,0,null,null,null,null,null,null,null,1,0,0,0,0,0,0,0,0,0,6,328500,2019-10-23,2413,드보우,2609
2019-10-23,3492,2421,1871,1570,1712,594,11,938,90,3,204100,0,0,0,0,0,0,0,0,67419,0,0,0,0,0,null,0,0,0,null,null,0,2,-6,1,194,2,1,0,null,null,null,null,null,null,null,1,0,0,0,0,0,0,0,0,0,3,204100,2019-10-23,3492,바이비브,150
2019-10-23,5387,2370,1843,1525,2697,370,8,647,75,6,360400,0,0,0,0,0,0,0,0,44298,0,0,0,0,0,null,0,0,0,null,null,0,9,-6,8,224,9,8,0,null,null,null,null,null,null,null,1,0,0,0,0,0,0,0,0,0,6,360400,2019-10-23,5387,미니걸스,122
2019-10-23,6147,775,684,1211,2143,604,3,792,133,6,239400,28649,575,63026,60720,0,60720,0,0,310251,4,1,6,5,0,null,2,3,5,55000,13800,3,2,115,2,-6,2,2,1,"54c1d07f-5d45-4036-8512-1020578fb1b7,138800c7-3677-4f98-acae-a99282724b29,52664ab3-122f-4486-a6cf-0c7b72481f02,b6e8ac64-19ae-4f81-a247-5a26ba435f1d,3293898b-f8a1-4596-b31d-90735879b403,b75224a5-8f48-4ef9-b157-897f77d4c860","b75224a5-8f48-4ef9-b157-897f77d4c860,138800c7-3677-4f98-acae-a99282724b29,52664ab3-122f-4486-a6cf-0c7b72481f02,b6e8ac64-19ae-4f81-a247-5a26ba435f1d,3293898b-f8a1-4596-b31d-90735879b403",,"54c1d07f-5d45-4036-8512-1020578fb1b7,3293898b-f8a1-4596-b31d-90735879b403","138800c7-3677-4f98-acae-a99282724b29,b6e8ac64-19ae-4f81-a247-5a26ba435f1d,b75224a5-8f48-4ef9-b157-897f77d4c860","54c1d07f-5d45-4036-8512-1020578fb1b7,b75224a5-8f48-4ef9-b157-897f77d4c860,138800c7-3677-4f98-acae-a99282724b29,52664ab3-122f-4486-a6cf-0c7b72481f02,3293898b-f8a1-4596-b31d-90735879b403","b75224a5-8f48-4ef9-b157-897f77d4c860,52664ab3-122f-4486-a6cf-0c7b72481f02,3293898b-f8a1-4596-b31d-90735879b403",1,0,0,0,0,0,0,0,0,0,6,239400,2019-10-23,6147,미코미코,286
2019-10-22,2003,178,172,264,79536,3624,131,6413,823,14,1001350,116007,2257,255214,257183,0,257183,0,0,809903,1,1,5,5,0,null,0,5,0,80000,null,1,3,524,3,-7,3,3,1,"bec1038e-ade0-4490-ab14-4787e142ee0b,bdc2e5a0-057b-46fc-8094-89516cfbe928,e8a5f973-ebfe-4d8b-bbc9-8846226a94f7,bceb0c0a-908f-4949-8513-f67433e07323,790d79fe-6a77-4816-abb2-dbdbe86c30f7","bec1038e-ade0-4490-ab14-4787e142ee0b,bceb0c0a-908f-4949-8513-f67433e07323,790d79fe-6a77-4816-abb2-dbdbe86c30f7,bdc2e5a0-057b-46fc-8094-89516cfbe928,e8a5f973-ebfe-4d8b-bbc9-8846226a94f7",,,"bec1038e-ade0-4490-ab14-4787e142ee0b,bceb0c0a-908f-4949-8513-f67433e07323,790d79fe-6a77-4816-abb2-dbdbe86c30f7,bdc2e5a0-057b-46fc-8094-89516cfbe928,e8a5f973-ebfe-4d8b-bbc9-8846226a94f7",,bceb0c0a-908f-4949-8513-f67433e07323,1,29,1681900,47,29,1669100,47,4,140800,4,14,1001350,2019-10-22,2003,더제이수,8286
2019-10-22,2220,235,222,349,58535,1680,72,3381,347,22,1266400,39808,521,87574,86580,0,86580,0,0,207277,3,2,7,5,0,null,4,7,0,30000,null,2,1,659,1,-5,2,2,1,"16d7275c-5021-4585-bcf9-a406998bbdb9,f1d1df57-8b99-49de-8a48-8a55878aa05c,a1f3e7dd-d7dd-489d-bf4a-048e323fe60f,bda7f933-cb89-4054-a538-a10493436333,ff47d431-8410-45ed-8933-0b934bbee4d3,7b65465c-b587-45b7-a9b3-cecaa0743be4,879c52f6-357f-420b-9228-2e3a25916a61","ff47d431-8410-45ed-8933-0b934bbee4d3,f1d1df57-8b99-49de-8a48-8a55878aa05c,7b65465c-b587-45b7-a9b3-cecaa0743be4,879c52f6-357f-420b-9228-2e3a25916a61,a1f3e7dd-d7dd-489d-bf4a-048e323fe60f",,"bda7f933-cb89-4054-a538-a10493436333,f1d1df57-8b99-49de-8a48-8a55878aa05c,7b65465c-b587-45b7-a9b3-cecaa0743be4,879c52f6-357f-420b-9228-2e3a25916a61","bda7f933-cb89-4054-a538-a10493436333,16d7275c-5021-4585-bcf9-a406998bbdb9,ff47d431-8410-45ed-8933-0b934bbee4d3,f1d1df57-8b99-49de-8a48-8a55878aa05c,7b65465c-b587-45b7-a9b3-cecaa0743be4,879c52f6-357f-420b-9228-2e3a25916a61,a1f3e7dd-d7dd-489d-bf4a-048e323fe60f",,"16d7275c-5021-4585-bcf9-a406998bbdb9,879c52f6-357f-420b-9228-2e3a25916a61",1,14,582800,22,13,556700,21,0,0,0,22,1266400,2019-10-22,2220,크러시제이,5795
2019-10-22,2413,1214,1037,735,28339,532,16,1200,58,4,259000,0,0,0,0,0,0,0,0,-5266,0,0,0,0,0,null,0,0,0,null,null,0,3,-7,2,175,3,2,0,null,null,null,null,null,null,null,1,0,0,0,0,0,0,0,0,0,4,259000,2019-10-22,2413,드보우,2082
2019-10-22,3492,2404,1860,1564,1701,702,6,975,106,3,139200,0,0,0,0,0,0,0,0,67419,0,0,0,0,0,null,0,0,0,null,null,0,2,-7,1,193,2,1,0,null,null,null,null,null,null,null,1,0,0,0,0,0,0,0,0,0,3,139200,2019-10-22,3492,바이비브,188
2019-10-22,5387,2366,1836,1534,2689,446,13,809,76,6,480100,0,0,0,0,0,0,0,0,44298,0,0,0,0,0,null,0,0,0,null,null,0,9,-7,8,223,9,8,0,null,null,null,null,null,null,null,1,0,0,0,0,0,0,0,0,0,6,480100,2019-10-22,5387,미니걸스,127
2019-10-22,6147,776,682,1202,2140,546,10,733,89,6,210750,24662,469,54255,56075,0,56075,0,0,370971,5,1,6,3,0,null,2,1,5,45000,10000,4,2,114,2,-7,2,2,1,"54c1d07f-5d45-4036-8512-1020578fb1b7,7837bf15-32ea-4a35-be7c-7ae436765fd3,138800c7-3677-4f98-acae-a99282724b29,ff6c8788-c89f-42bf-9809-ffaa55233101,b6e8ac64-19ae-4f81-a247-5a26ba435f1d,527a0977-fd6d-4cf1-b495-c3c1e599f2a7","54c1d07f-5d45-4036-8512-1020578fb1b7,7837bf15-32ea-4a35-be7c-7ae436765fd3,b6e8ac64-19ae-4f81-a247-5a26ba435f1d",,"54c1d07f-5d45-4036-8512-1020578fb1b7,527a0977-fd6d-4cf1-b495-c3c1e599f2a7",b6e8ac64-19ae-4f81-a247-5a26ba435f1d,"54c1d07f-5d45-4036-8512-1020578fb1b7,7837bf15-32ea-4a35-be7c-7ae436765fd3,138800c7-3677-4f98-acae-a99282724b29,ff6c8788-c89f-42bf-9809-ffaa55233101,527a0977-fd6d-4cf1-b495-c3c1e599f2a7","54c1d07f-5d45-4036-8512-1020578fb1b7,7837bf15-32ea-4a35-be7c-7ae436765fd3,138800c7-3677-4f98-acae-a99282724b29,ff6c8788-c89f-42bf-9809-ffaa55233101",1,0,0,0,0,0,0,0,0,0,6,210750,2019-10-22,6147,미코미코,288
2019-10-21,2003,178,172,263,79405,4024,130,7113,907,30,2347222,132682,2732,291899,292000,0,292000,0,0,1067086,0,0,4,4,0,null,0,4,0,87500,null,0,3,523,3,-8,3,3,1,"bec1038e-ade0-4490-ab14-4787e142ee0b,bdc2e5a0-057b-46fc-8094-89516cfbe928,e8a5f973-ebfe-4d8b-bbc9-8846226a94f7,790d79fe-6a77-4816-abb2-dbdbe86c30f7","bec1038e-ade0-4490-ab14-4787e142ee0b,790d79fe-6a77-4816-abb2-dbdbe86c30f7,bdc2e5a0-057b-46fc-8094-89516cfbe928,e8a5f973-ebfe-4d8b-bbc9-8846226a94f7",,,"bdc2e5a0-057b-46fc-8094-89516cfbe928,e8a5f973-ebfe-4d8b-bbc9-8846226a94f7,bec1038e-ade0-4490-ab14-4787e142ee0b,790d79fe-6a77-4816-abb2-dbdbe86c30f7",,,1,28,1535300,37,27,1538800,36,11,443200,13,30,2347222,2019-10-21,2003,더제이수,6335
2019-10-21,2220,239,225,349,58463,1413,62,2559,330,21,1209070,33118,454,72857,73133,0,73133,1,300000,293857,0,0,4,4,0,null,2,4,0,30000,null,0,1,658,1,-6,2,2,1,"f1d1df57-8b99-49de-8a48-8a55878aa05c,bda7f933-cb89-4054-a538-a10493436333,ff47d431-8410-45ed-8933-0b934bbee4d3,7b65465c-b587-45b7-a9b3-cecaa0743be4","bda7f933-cb89-4054-a538-a10493436333,ff47d431-8410-45ed-8933-0b934bbee4d3,f1d1df57-8b99-49de-8a48-8a55878aa05c,7b65465c-b587-45b7-a9b3-cecaa0743be4",,"bda7f933-cb89-4054-a538-a10493436333,f1d1df57-8b99-49de-8a48-8a55878aa05c","bda7f933-cb89-4054-a538-a10493436333,ff47d431-8410-45ed-8933-0b934bbee4d3,f1d1df57-8b99-49de-8a48-8a55878aa05c,7b65465c-b587-45b7-a9b3-cecaa0743be4",,,1,9,501200,11,9,501200,11,3,72000,3,21,1209070,2019-10-21,2220,크러시제이,5560
2019-10-21,2413,1207,1029,731,28323,629,6,1243,92,5,460000,0,0,0,0,0,0,0,0,-5266,0,0,0,0,0,null,0,0,0,null,null,0,3,-8,2,174,3,2,0,null,null,null,null,null,null,null,1,0,0,0,0,0,0,0,0,0,5,460000,2019-10-21,2413,드보우,2767
2019-10-21,3492,2439,1872,1595,1695,672,7,1113,126,6,489440,0,0,0,0,0,0,0,0,67419,0,0,0,0,0,null,0,0,0,null,null,0,2,-8,1,192,2,1,0,null,null,null,null,null,null,null,1,0,0,0,0,0,0,0,0,0,6,489440,2019-10-21,3492,바이비브,211
2019-10-21,5387,2344,1817,1528,2676,446,7,797,80,3,160200,0,0,0,0,0,0,0,0,44298,0,0,0,0,0,null,0,0,0,null,null,0,9,-8,8,222,9,8,0,null,null,null,null,null,null,null,1,0,0,0,0,0,0,0,0,0,3,160200,2019-10-21,5387,미니걸스,200
2019-10-21,6147,765,671,1197,2130,562,19,713,84,9,373600,23567,467,51847,49204,0,49204,0,0,427046,1,1,2,2,0,null,1,1,1,45000,10000,1,2,113,2,-8,2,2,1,"b6e8ac64-19ae-4f81-a247-5a26ba435f1d,527a0977-fd6d-4cf1-b495-c3c1e599f2a7","b6e8ac64-19ae-4f81-a247-5a26ba435f1d,527a0977-fd6d-4cf1-b495-c3c1e599f2a7",,527a0977-fd6d-4cf1-b495-c3c1e599f2a7,b6e8ac64-19ae-4f81-a247-5a26ba435f1d,527a0977-fd6d-4cf1-b495-c3c1e599f2a7,527a0977-fd6d-4cf1-b495-c3c1e599f2a7,1,0,0,0,0,0,0,0,0,0,9,373600,2019-10-21,6147,미코미코,277
2019-10-20,2003,176,171,263,79275,3991,109,6972,899,18,1126450,150939,3108,332064,335013,0,335013,0,0,1359086,0,0,4,4,0,null,0,4,0,87500,null,0,3,522,3,-9,3,3,1,"bec1038e-ade0-4490-ab14-4787e142ee0b,bdc2e5a0-057b-46fc-8094-89516cfbe928,e8a5f973-ebfe-4d8b-bbc9-8846226a94f7,790d79fe-6a77-4816-abb2-dbdbe86c30f7","bec1038e-ade0-4490-ab14-4787e142ee0b,790d79fe-6a77-4816-abb2-dbdbe86c30f7,bdc2e5a0-057b-46fc-8094-89516cfbe928,e8a5f973-ebfe-4d8b-bbc9-8846226a94f7",,,"bec1038e-ade0-4490-ab14-4787e142ee0b,790d79fe-6a77-4816-abb2-dbdbe86c30f7,bdc2e5a0-057b-46fc-8094-89516cfbe928,e8a5f973-ebfe-4d8b-bbc9-8846226a94f7",,,1,20,1279500,30,19,1219900,29,1,23800,1,18,1126450,2019-10-20,2003,더제이수,4147
2019-10-20,2220,242,228,348,58401,1013,56,1774,154,15,1080900,34690,502,76317,77884,0,77884,0,0,66990,0,0,4,4,0,null,2,4,0,30000,null,0,1,657,1,-7,2,2,1,"bda7f933-cb89-4054-a538-a10493436333,ff47d431-8410-45ed-8933-0b934bbee4d3,f1d1df57-8b99-49de-8a48-8a55878aa05c,7b65465c-b587-45b7-a9b3-cecaa0743be4","bda7f933-cb89-4054-a538-a10493436333,ff47d431-8410-45ed-8933-0b934bbee4d3,f1d1df57-8b99-49de-8a48-8a55878aa05c,7b65465c-b587-45b7-a9b3-cecaa0743be4",,"bda7f933-cb89-4054-a538-a10493436333,f1d1df57-8b99-49de-8a48-8a55878aa05c","bda7f933-cb89-4054-a538-a10493436333,ff47d431-8410-45ed-8933-0b934bbee4d3,f1d1df57-8b99-49de-8a48-8a55878aa05c,7b65465c-b587-45b7-a9b3-cecaa0743be4",,,1,13,609400,16,12,580400,15,0,0,0,15,1080900,2019-10-20,2220,크러시제이,2447
2019-10-20,2413,1202,1025,730,28317,559,23,1244,82,4,321400,0,0,0,0,0,0,0,0,-5266,0,0,0,0,0,null,0,0,0,null,null,0,3,-9,2,173,3,2,0,null,null,null,null,null,null,null,1,0,0,0,0,0,0,0,0,0,4,321400,2019-10-20,2413,드보우,1522
2019-10-20,3492,2456,1885,1605,1688,603,10,915,85,5,422790,0,0,0,0,0,0,0,0,67419,0,0,0,0,0,null,0,0,0,null,null,0,2,-9,1,191,2,1,0,null,null,null,null,null,null,null,1,0,0,0,0,0,0,0,0,0,5,422790,2019-10-20,3492,바이비브,95
2019-10-20,5387,2369,1836,1543,2669,380,6,673,64,6,275600,0,0,0,0,0,0,0,0,44298,0,0,0,0,0,null,0,0,0,null,null,0,9,-9,8,221,9,8,0,null,null,null,null,null,null,null,1,0,0,0,0,0,0,0,0,0,6,275600,2019-10-20,5387,미니걸스,114
2019-10-20,6147,756,665,1186,2111,533,11,672,63,4,130470,20085,479,44187,44761,0,44761,0,0,476250,0,0,1,1,0,null,0,1,0,45000,null,0,2,112,2,-9,2,2,1,b6e8ac64-19ae-4f81-a247-5a26ba435f1d,b6e8ac64-19ae-4f81-a247-5a26ba435f1d,,,b6e8ac64-19ae-4f81-a247-5a26ba435f1d,,,1,0,0,0,0,0,0,0,0,0,4,130470,2019-10-20,6147,미코미코,255
2019-10-19,2003,178,173,262,79166,3524,138,6123,998,11,793955,146889,3073,323154,321280,0,321280,0,0,1694099,0,0,4,4,0,null,0,4,0,87500,null,0,3,521,3,-10,3,3,1,"bec1038e-ade0-4490-ab14-4787e142ee0b,bdc2e5a0-057b-46fc-8094-89516cfbe928,e8a5f973-ebfe-4d8b-bbc9-8846226a94f7,790d79fe-6a77-4816-abb2-dbdbe86c30f7","bec1038e-ade0-4490-ab14-4787e142ee0b,bdc2e5a0-057b-46fc-8094-89516cfbe928,e8a5f973-ebfe-4d8b-bbc9-8846226a94f7,790d79fe-6a77-4816-abb2-dbdbe86c30f7",,,"bec1038e-ade0-4490-ab14-4787e142ee0b,bdc2e5a0-057b-46fc-8094-89516cfbe928,e8a5f973-ebfe-4d8b-bbc9-8846226a94f7,790d79fe-6a77-4816-abb2-dbdbe86c30f7",,,1,12,350400,13,12,350400,13,0,0,0,11,793955,2019-10-19,2003,더제이수,4345
2019-10-19,2220,240,226,346,58345,914,29,1580,143,12,750110,31466,432,69224,66505,0,66505,0,0,144874,0,0,4,4,0,null,2,4,0,30000,null,0,1,656,1,-8,2,2,1,"f1d1df57-8b99-49de-8a48-8a55878aa05c,bda7f933-cb89-4054-a538-a10493436333,ff47d431-8410-45ed-8933-0b934bbee4d3,7b65465c-b587-45b7-a9b3-cecaa0743be4","bda7f933-cb89-4054-a538-a10493436333,ff47d431-8410-45ed-8933-0b934bbee4d3,f1d1df57-8b99-49de-8a48-8a55878aa05c,7b65465c-b587-45b7-a9b3-cecaa0743be4",,"bda7f933-cb89-4054-a538-a10493436333,f1d1df57-8b99-49de-8a48-8a55878aa05c","bda7f933-cb89-4054-a538-a10493436333,ff47d431-8410-45ed-8933-0b934bbee4d3,f1d1df57-8b99-49de-8a48-8a55878aa05c,7b65465c-b587-45b7-a9b3-cecaa0743be4",,,1,4,243600,9,4,243600,9,0,0,0,12,750110,2019-10-19,2220,크러시제이,2420
2019-10-19,2413,1202,1027,727,28294,552,19,1121,105,2,131700,0,0,0,0,0,0,0,0,-5266,0,0,0,0,0,null,0,0,0,null,null,0,3,-10,2,172,3,2,0,null,null,null,null,null,null,null,1,0,0,0,0,0,0,0,0,0,2,131700,2019-10-19,2413,드보우,1919
2019-10-19,3492,2472,1895,1622,1678,508,6,740,73,6,506090,0,0,0,0,0,0,0,0,67419,0,0,0,0,0,null,0,0,0,null,null,0,2,-10,1,190,2,1,0,null,null,null,null,null,null,null,1,0,0,0,0,0,0,0,0,0,6,506090,2019-10-19,3492,바이비브,88
2019-10-19,5387,2361,1832,1543,2663,285,6,494,49,6,464400,0,0,0,0,0,0,0,0,44298,0,0,0,0,0,null,0,0,0,null,null,0,9,-10,8,220,9,8,0,null,null,null,null,null,null,null,1,0,0,0,0,0,0,0,0,0,6,464400,2019-10-19,5387,미니걸스,77
2019-10-19,6147,748,660,1177,2100,529,14,686,103,2,88250,21741,456,47829,49769,0,49769,0,0,521011,0,0,3,2,0,null,2,1,2,45000,10000,0,2,111,2,-10,2,2,1,"b6e8ac64-19ae-4f81-a247-5a26ba435f1d,fba89e4f-e497-40b8-8afb-cd249f3a25f4,0c82b8b1-ce72-4d31-8acb-4de15699153c","b6e8ac64-19ae-4f81-a247-5a26ba435f1d,fba89e4f-e497-40b8-8afb-cd249f3a25f4",,"fba89e4f-e497-40b8-8afb-cd249f3a25f4,0c82b8b1-ce72-4d31-8acb-4de15699153c",b6e8ac64-19ae-4f81-a247-5a26ba435f1d,"fba89e4f-e497-40b8-8afb-cd249f3a25f4,0c82b8b1-ce72-4d31-8acb-4de15699153c",,1,0,0,0,0,0,0,0,0,0,2,88250,2019-10-19,6147,미코미코,177
2019-10-18,2003,179,174,264,79028,3720,128,6725,1088,23,1960900,131985,2938,290365,290850,0,290850,0,0,2015379,0,0,4,4,0,null,0,4,0,87500,null,0,3,520,3,-11,3,3,1,"bec1038e-ade0-4490-ab14-4787e142ee0b,bdc2e5a0-057b-46fc-8094-89516cfbe928,e8a5f973-ebfe-4d8b-bbc9-8846226a94f7,790d79fe-6a77-4816-abb2-dbdbe86c30f7","bec1038e-ade0-4490-ab14-4787e142ee0b,bdc2e5a0-057b-46fc-8094-89516cfbe928,e8a5f973-ebfe-4d8b-bbc9-8846226a94f7,790d79fe-6a77-4816-abb2-dbdbe86c30f7",,,"bdc2e5a0-057b-46fc-8094-89516cfbe928,e8a5f973-ebfe-4d8b-bbc9-8846226a94f7,bec1038e-ade0-4490-ab14-4787e142ee0b,790d79fe-6a77-4816-abb2-dbdbe86c30f7",,,1,8,332700,10,7,297700,9,2,120000,3,23,1960900,2019-10-18,2003,더제이수,6260
2019-10-18,2220,240,227,348,58316,1102,47,1925,221,12,792600,26990,363,59377,59182,0,59182,0,0,211379,0,0,5,5,0,null,3,5,0,30000,null,0,1,655,1,-9,2,2,1,"bda7f933-cb89-4054-a538-a10493436333,ff47d431-8410-45ed-8933-0b934bbee4d3,f1d1df57-8b99-49de-8a48-8a55878aa05c,7b65465c-b587-45b7-a9b3-cecaa0743be4,5a2d0d40-f6cf-480f-a445-736068715d8a","bda7f933-cb89-4054-a538-a10493436333,ff47d431-8410-45ed-8933-0b934bbee4d3,f1d1df57-8b99-49de-8a48-8a55878aa05c,7b65465c-b587-45b7-a9b3-cecaa0743be4,5a2d0d40-f6cf-480f-a445-736068715d8a",,"bda7f933-cb89-4054-a538-a10493436333,f1d1df57-8b99-49de-8a48-8a55878aa05c,5a2d0d40-f6cf-480f-a445-736068715d8a","bda7f933-cb89-4054-a538-a10493436333,ff47d431-8410-45ed-8933-0b934bbee4d3,f1d1df57-8b99-49de-8a48-8a55878aa05c,7b65465c-b587-45b7-a9b3-cecaa0743be4,5a2d0d40-f6cf-480f-a445-736068715d8a",,,1,10,403600,14,10,403600,14,2,56000,2,12,792600,2019-10-18,2220,크러시제이,4538
2019-10-18,2413,1200,1025,722,28275,626,18,1244,119,4,173500,0,0,0,0,0,0,0,0,-5266,0,0,0,0,0,null,0,0,0,null,null,0,3,-11,2,171,3,2,0,null,null,null,null,null,null,null,1,0,0,0,0,0,0,0,0,0,4,173500,2019-10-18,2413,드보우,2939
2019-10-18,3492,2473,1890,1621,1672,602,10,838,104,3,146000,0,0,0,0,0,0,0,0,67419,0,0,0,0,0,null,0,0,0,null,null,0,2,-11,1,189,2,1,0,null,null,null,null,null,null,null,1,0,0,0,0,0,0,0,0,0,3,146000,2019-10-18,3492,바이비브,142
2019-10-18,5387,2385,1841,1554,2657,302,9,471,25,2,107300,0,0,0,0,0,0,0,0,44298,0,0,0,0,0,null,0,0,0,null,null,0,9,-11,8,219,9,8,0,null,null,null,null,null,null,null,1,0,0,0,0,0,0,0,0,0,2,107300,2019-10-18,5387,미니걸스,125
2019-10-18,6147,756,667,1167,2086,531,5,659,42,1,51000,30870,498,67912,68186,0,68186,1,500000,570780,3,3,5,4,0,null,4,1,4,45000,10000,3,2,110,2,-11,2,2,1,"7948f690-356b-468c-b543-ec25fbf37637,b6e8ac64-19ae-4f81-a247-5a26ba435f1d,0c82b8b1-ce72-4d31-8acb-4de15699153c,fba89e4f-e497-40b8-8afb-cd249f3a25f4,7af1f607-8db7-48dc-9838-f8c38e18916b","7948f690-356b-468c-b543-ec25fbf37637,b6e8ac64-19ae-4f81-a247-5a26ba435f1d,fba89e4f-e497-40b8-8afb-cd249f3a25f4,0c82b8b1-ce72-4d31-8acb-4de15699153c",,"7948f690-356b-468c-b543-ec25fbf37637,fba89e4f-e497-40b8-8afb-cd249f3a25f4,0c82b8b1-ce72-4d31-8acb-4de15699153c,7af1f607-8db7-48dc-9838-f8c38e18916b",b6e8ac64-19ae-4f81-a247-5a26ba435f1d,"7948f690-356b-468c-b543-ec25fbf37637,7af1f607-8db7-48dc-9838-f8c38e18916b,fba89e4f-e497-40b8-8afb-cd249f3a25f4,0c82b8b1-ce72-4d31-8acb-4de15699153c","7948f690-356b-468c-b543-ec25fbf37637,fba89e4f-e497-40b8-8afb-cd249f3a25f4,0c82b8b1-ce72-4d31-8acb-4de15699153c",1,0,0,0,0,0,0,0,0,0,1,51000,2019-10-18,6147,미코미코,253
2019-10-17,2003,178,173,265,78900,4405,154,7587,1183,25,1906680,152057,3526,334523,335098,0,335098,1,2000000,2306229,2,1,6,6,0,null,0,6,0,75000,null,2,3,519,3,-12,3,3,1,"bec1038e-ade0-4490-ab14-4787e142ee0b,790d79fe-6a77-4816-abb2-dbdbe86c30f7,0c7d1699-87e9-4b0e-bf89-dac2d026e908,bdc2e5a0-057b-46fc-8094-89516cfbe928,a8f14a19-8399-4853-b470-8ed663bca4f4,e8a5f973-ebfe-4d8b-bbc9-8846226a94f7","bec1038e-ade0-4490-ab14-4787e142ee0b,790d79fe-6a77-4816-abb2-dbdbe86c30f7,0c7d1699-87e9-4b0e-bf89-dac2d026e908,bdc2e5a0-057b-46fc-8094-89516cfbe928,a8f14a19-8399-4853-b470-8ed663bca4f4,e8a5f973-ebfe-4d8b-bbc9-8846226a94f7",,,"bec1038e-ade0-4490-ab14-4787e142ee0b,790d79fe-6a77-4816-abb2-dbdbe86c30f7,0c7d1699-87e9-4b0e-bf89-dac2d026e908,bdc2e5a0-057b-46fc-8094-89516cfbe928,a8f14a19-8399-4853-b470-8ed663bca4f4,e8a5f973-ebfe-4d8b-bbc9-8846226a94f7",,"a8f14a19-8399-4853-b470-8ed663bca4f4,e8a5f973-ebfe-4d8b-bbc9-8846226a94f7",1,14,626700,22,14,626700,22,2,78700,2,25,1906680,2019-10-17,2003,더제이수,8504
2019-10-17,2220,241,228,352,58269,1281,57,2158,163,11,477100,29797,360,65552,66147,0,66147,0,0,270561,1,1,5,5,0,null,4,5,0,30000,null,1,1,654,1,-10,2,2,1,"bda7f933-cb89-4054-a538-a10493436333,771e060d-18a8-4bb2-b0a2-60b2f71ef398,f1d1df57-8b99-49de-8a48-8a55878aa05c,7b65465c-b587-45b7-a9b3-cecaa0743be4,5a2d0d40-f6cf-480f-a445-736068715d8a","bda7f933-cb89-4054-a538-a10493436333,771e060d-18a8-4bb2-b0a2-60b2f71ef398,f1d1df57-8b99-49de-8a48-8a55878aa05c,7b65465c-b587-45b7-a9b3-cecaa0743be4,5a2d0d40-f6cf-480f-a445-736068715d8a",,"bda7f933-cb89-4054-a538-a10493436333,771e060d-18a8-4bb2-b0a2-60b2f71ef398,f1d1df57-8b99-49de-8a48-8a55878aa05c,5a2d0d40-f6cf-480f-a445-736068715d8a","bda7f933-cb89-4054-a538-a10493436333,771e060d-18a8-4bb2-b0a2-60b2f71ef398,f1d1df57-8b99-49de-8a48-8a55878aa05c,7b65465c-b587-45b7-a9b3-cecaa0743be4,5a2d0d40-f6cf-480f-a445-736068715d8a",,5a2d0d40-f6cf-480f-a445-736068715d8a,1,11,712800,14,10,683800,13,0,0,0,11,477100,2019-10-17,2220,크러시제이,4977
2019-10-17,2413,1191,1016,723,28257,658,8,1192,69,3,108000,0,0,0,0,0,0,0,0,-5266,0,0,0,0,0,null,0,0,0,null,null,0,3,-12,2,170,3,2,0,null,null,null,null,null,null,null,1,0,0,0,0,0,0,0,0,0,3,108000,2019-10-17,2413,드보우,3127
2019-10-17,3492,2487,1898,1633,1662,659,2,996,101,7,461200,0,0,0,0,0,0,0,0,67419,0,0,0,0,0,null,0,0,0,null,null,0,2,-12,1,188,2,1,0,null,null,null,null,null,null,null,1,0,0,0,0,0,0,0,0,0,7,461200,2019-10-17,3492,바이비브,262
2019-10-17,5387,2406,1848,1564,2648,355,9,640,46,3,347500,0,0,0,0,0,0,0,0,44298,0,0,0,0,0,null,0,0,0,null,null,0,9,-12,8,218,9,8,0,null,null,null,null,null,null,null,1,0,0,0,0,0,0,0,0,0,3,347500,2019-10-17,5387,미니걸스,106
2019-10-17,6147,756,667,1168,2081,542,11,671,68,2,133700,24292,485,53441,52748,0,52748,0,0,138966,1,1,3,2,0,null,2,1,2,45000,10000,1,2,109,2,-12,2,2,1,"b6e8ac64-19ae-4f81-a247-5a26ba435f1d,7af1f607-8db7-48dc-9838-f8c38e18916b,7f0e6a0a-7c42-48f4-abbf-e76666852d51","b6e8ac64-19ae-4f81-a247-5a26ba435f1d,7af1f607-8db7-48dc-9838-f8c38e18916b",,"7af1f607-8db7-48dc-9838-f8c38e18916b,7f0e6a0a-7c42-48f4-abbf-e76666852d51",b6e8ac64-19ae-4f81-a247-5a26ba435f1d,"7af1f607-8db7-48dc-9838-f8c38e18916b,7f0e6a0a-7c42-48f4-abbf-e76666852d51",7af1f607-8db7-48dc-9838-f8c38e18916b,1,0,0,0,0,0,0,0,0,0,2,133700,2019-10-17,6147,미코미코,276
2019-10-16,2003,181,176,266,78746,4668,173,8301,1228,30,2241291,157478,3597,346449,347685,0,347685,0,0,641327,3,2,8,7,0,null,0,8,0,72500,null,3,3,518,3,-13,3,3,1,"24c17678-258e-4229-a985-44f249ebfb16,bec1038e-ade0-4490-ab14-4787e142ee0b,790d79fe-6a77-4816-abb2-dbdbe86c30f7,0c7d1699-87e9-4b0e-bf89-dac2d026e908,3ee1701b-7737-493f-8ae2-b49cf2ce3123,bdc2e5a0-057b-46fc-8094-89516cfbe928,d3355f2f-81d2-4eb3-a968-9a0064ed32ab,91be1645-e9b4-437b-b58b-c237f42ec37d","24c17678-258e-4229-a985-44f249ebfb16,bec1038e-ade0-4490-ab14-4787e142ee0b,790d79fe-6a77-4816-abb2-dbdbe86c30f7,0c7d1699-87e9-4b0e-bf89-dac2d026e908,bdc2e5a0-057b-46fc-8094-89516cfbe928,d3355f2f-81d2-4eb3-a968-9a0064ed32ab,91be1645-e9b4-437b-b58b-c237f42ec37d",,,"24c17678-258e-4229-a985-44f249ebfb16,bec1038e-ade0-4490-ab14-4787e142ee0b,790d79fe-6a77-4816-abb2-dbdbe86c30f7,0c7d1699-87e9-4b0e-bf89-dac2d026e908,3ee1701b-7737-493f-8ae2-b49cf2ce3123,bdc2e5a0-057b-46fc-8094-89516cfbe928,d3355f2f-81d2-4eb3-a968-9a0064ed32ab,91be1645-e9b4-437b-b58b-c237f42ec37d",,"24c17678-258e-4229-a985-44f249ebfb16,91be1645-e9b4-437b-b58b-c237f42ec37d,790d79fe-6a77-4816-abb2-dbdbe86c30f7",1,27,1202900,34,26,1163800,33,6,198400,6,30,2241291,2019-10-16,2003,더제이수,8619
2019-10-16,2220,240,228,354,58212,1561,71,2753,121,21,1175900,41917,615,92216,91111,0,91111,0,0,336708,1,1,5,5,0,null,3,5,0,30000,null,1,1,653,1,-11,2,2,1,"771e060d-18a8-4bb2-b0a2-60b2f71ef398,f1d1df57-8b99-49de-8a48-8a55878aa05c,bda7f933-cb89-4054-a538-a10493436333,ff47d431-8410-45ed-8933-0b934bbee4d3,7b65465c-b587-45b7-a9b3-cecaa0743be4","bda7f933-cb89-4054-a538-a10493436333,771e060d-18a8-4bb2-b0a2-60b2f71ef398,ff47d431-8410-45ed-8933-0b934bbee4d3,f1d1df57-8b99-49de-8a48-8a55878aa05c,7b65465c-b587-45b7-a9b3-cecaa0743be4",,"771e060d-18a8-4bb2-b0a2-60b2f71ef398,ff47d431-8410-45ed-8933-0b934bbee4d3,f1d1df57-8b99-49de-8a48-8a55878aa05c","bda7f933-cb89-4054-a538-a10493436333,771e060d-18a8-4bb2-b0a2-60b2f71ef398,ff47d431-8410-45ed-8933-0b934bbee4d3,f1d1df57-8b99-49de-8a48-8a55878aa05c,7b65465c-b587-45b7-a9b3-cecaa0743be4",,771e060d-18a8-4bb2-b0a2-60b2f71ef398,1,8,346000,11,8,346000,11,0,0,0,21,1175900,2019-10-16,2220,크러시제이,5438
2019-10-16,2413,1185,1009,722,28249,745,23,1528,170,16,869600,0,0,0,0,0,0,0,0,-5266,0,0,0,0,0,null,0,0,0,null,null,0,3,-13,2,169,3,2,0,null,null,null,null,null,null,null,1,0,0,0,0,0,0,0,0,0,16,869600,2019-10-16,2413,드보우,3418
2019-10-16,3492,2501,1908,1649,1660,721,8,1001,113,5,243090,0,0,0,0,0,0,0,0,67419,0,0,0,0,0,null,0,0,0,null,null,0,2,-13,1,187,2,1,0,null,null,null,null,null,null,null,1,0,0,0,0,0,0,0,0,0,5,243090,2019-10-16,3492,바이비브,89
2019-10-16,5387,2402,1840,1566,2639,423,8,765,73,7,353900,0,0,0,0,0,0,0,0,44298,0,0,0,0,0,null,0,0,0,null,null,0,9,-13,8,217,9,8,0,null,null,null,null,null,null,null,1,0,0,0,0,0,0,0,0,0,7,353900,2019-10-16,5387,미니걸스,175
2019-10-16,6147,758,668,1169,2070,551,5,651,45,1,108000,23728,524,52201,51335,0,51335,0,0,191714,1,1,2,2,0,null,1,1,1,45000,10000,1,2,108,2,-13,2,2,1,"b6e8ac64-19ae-4f81-a247-5a26ba435f1d,7f0e6a0a-7c42-48f4-abbf-e76666852d51","b6e8ac64-19ae-4f81-a247-5a26ba435f1d,7f0e6a0a-7c42-48f4-abbf-e76666852d51",,7f0e6a0a-7c42-48f4-abbf-e76666852d51,b6e8ac64-19ae-4f81-a247-5a26ba435f1d,7f0e6a0a-7c42-48f4-abbf-e76666852d51,7f0e6a0a-7c42-48f4-abbf-e76666852d51,1,0,0,0,0,0,0,0,0,0,1,108000,2019-10-16,6147,미코미코,246
2019-10-15,2003,180,175,266,78573,4541,110,8357,1073,31,2684662,157922,3670,347426,345877,0,345877,0,0,989012,3,0,6,5,0,null,0,6,0,75000,null,2,3,517,3,-14,3,3,1,"bec1038e-ade0-4490-ab14-4787e142ee0b,0c7d1699-87e9-4b0e-bf89-dac2d026e908,bdc2e5a0-057b-46fc-8094-89516cfbe928,086437d6-5cbc-47a9-8978-17aef39cb6be,d3355f2f-81d2-4eb3-a968-9a0064ed32ab,0e2ebe14-97b1-49f9-ba43-568761d24f6b","bec1038e-ade0-4490-ab14-4787e142ee0b,0c7d1699-87e9-4b0e-bf89-dac2d026e908,bdc2e5a0-057b-46fc-8094-89516cfbe928,d3355f2f-81d2-4eb3-a968-9a0064ed32ab,0e2ebe14-97b1-49f9-ba43-568761d24f6b",,,"086437d6-5cbc-47a9-8978-17aef39cb6be,bec1038e-ade0-4490-ab14-4787e142ee0b,0c7d1699-87e9-4b0e-bf89-dac2d026e908,bdc2e5a0-057b-46fc-8094-89516cfbe928,d3355f2f-81d2-4eb3-a968-9a0064ed32ab,0e2ebe14-97b1-49f9-ba43-568761d24f6b",,"086437d6-5cbc-47a9-8978-17aef39cb6be,0c7d1699-87e9-4b0e-bf89-dac2d026e908",1,30,1607700,42,29,1585600,41,11,643000,14,31,2684662,2019-10-15,2003,더제이수,8011
2019-10-15,2220,242,229,355,58141,1776,54,3017,294,25,1763200,42788,634,94132,95769,0,95769,0,0,427819,0,0,4,4,0,null,1,4,0,30000,null,0,1,652,1,-12,2,2,1,"f1d1df57-8b99-49de-8a48-8a55878aa05c,bda7f933-cb89-4054-a538-a10493436333,ff47d431-8410-45ed-8933-0b934bbee4d3,7b65465c-b587-45b7-a9b3-cecaa0743be4","bda7f933-cb89-4054-a538-a10493436333,ff47d431-8410-45ed-8933-0b934bbee4d3,f1d1df57-8b99-49de-8a48-8a55878aa05c,7b65465c-b587-45b7-a9b3-cecaa0743be4",,ff47d431-8410-45ed-8933-0b934bbee4d3,"bda7f933-cb89-4054-a538-a10493436333,ff47d431-8410-45ed-8933-0b934bbee4d3,f1d1df57-8b99-49de-8a48-8a55878aa05c,7b65465c-b587-45b7-a9b3-cecaa0743be4",,,1,6,196100,7,5,180000,6,2,38300,2,25,1763200,2019-10-15,2220,크러시제이,6163
2019-10-15,2413,1181,1006,719,28226,754,31,1467,188,4,166500,0,0,0,0,0,0,0,0,-5266,0,0,0,0,0,null,0,0,0,null,null,0,3,-14,2,168,3,2,0,null,null,null,null,null,null,null,1,0,0,0,0,0,0,0,0,0,4,166500,2019-10-15,2413,드보우,3638
2019-10-15,3492,2495,1900,1651,1652,700,15,979,99,3,104500,0,0,0,0,0,0,0,0,67419,0,0,0,0,0,null,0,0,0,null,null,0,2,-14,1,186,2,1,0,null,null,null,null,null,null,null,1,0,0,0,0,0,0,0,0,0,3,104500,2019-10-15,3492,바이비브,138
2019-10-15,5387,2409,1841,1577,2631,492,10,904,105,10,789800,0,0,0,0,0,0,0,0,44298,0,0,0,0,0,null,0,0,0,null,null,0,9,-14,8,216,9,8,0,null,null,null,null,null,null,null,1,0,0,0,0,0,0,0,0,0,10,789800,2019-10-15,5387,미니걸스,236
2019-10-15,6147,759,669,1173,2065,653,12,798,102,2,108000,20430,549,44945,44406,0,44406,0,0,243049,0,0,2,1,0,null,1,1,1,45000,10000,0,2,107,2,-14,2,2,1,"b6e8ac64-19ae-4f81-a247-5a26ba435f1d,0801ee05-4a15-4758-8e0a-d50855a18191",b6e8ac64-19ae-4f81-a247-5a26ba435f1d,,0801ee05-4a15-4758-8e0a-d50855a18191,b6e8ac64-19ae-4f81-a247-5a26ba435f1d,0801ee05-4a15-4758-8e0a-d50855a18191,,1,0,0,0,0,0,0,0,0,0,2,108000,2019-10-15,6147,미코미코,242
2019-10-14,2003,180,175,266,78463,3976,146,7839,930,40,2622900,131831,2853,290026,286582,0,286582,0,0,1334889,4,1,8,8,0,null,0,8,0,65000,null,4,3,516,3,-15,3,3,1,"5c834a02-3202-4392-8857-9ad393208446,bec1038e-ade0-4490-ab14-4787e142ee0b,bdc2e5a0-057b-46fc-8094-89516cfbe928,f3e00172-3264-40c9-9086-1400d2d8ceb9,eaa4f58c-ab93-44da-b48d-fd4e7a10db84,d3355f2f-81d2-4eb3-a968-9a0064ed32ab,b18f2cbd-688d-485f-a0f5-9d9161350fd2,0e2ebe14-97b1-49f9-ba43-568761d24f6b","5c834a02-3202-4392-8857-9ad393208446,bec1038e-ade0-4490-ab14-4787e142ee0b,bdc2e5a0-057b-46fc-8094-89516cfbe928,f3e00172-3264-40c9-9086-1400d2d8ceb9,eaa4f58c-ab93-44da-b48d-fd4e7a10db84,d3355f2f-81d2-4eb3-a968-9a0064ed32ab,b18f2cbd-688d-485f-a0f5-9d9161350fd2,0e2ebe14-97b1-49f9-ba43-568761d24f6b",,,"5c834a02-3202-4392-8857-9ad393208446,bdc2e5a0-057b-46fc-8094-89516cfbe928,f3e00172-3264-40c9-9086-1400d2d8ceb9,eaa4f58c-ab93-44da-b48d-fd4e7a10db84,d3355f2f-81d2-4eb3-a968-9a0064ed32ab,b18f2cbd-688d-485f-a0f5-9d9161350fd2,bec1038e-ade0-4490-ab14-4787e142ee0b,0e2ebe14-97b1-49f9-ba43-568761d24f6b",,"bec1038e-ade0-4490-ab14-4787e142ee0b,f3e00172-3264-40c9-9086-1400d2d8ceb9,eaa4f58c-ab93-44da-b48d-fd4e7a10db84,b18f2cbd-688d-485f-a0f5-9d9161350fd2",1,36,1851500,53,35,1812400,52,6,724000,14,40,2622900,2019-10-14,2003,더제이수,8187
2019-10-14,2220,242,229,356,58087,1677,80,2840,264,24,1117317,44201,711,97240,95898,0,95898,0,0,523588,0,0,4,4,0,null,1,4,0,30000,null,0,1,651,1,-13,2,2,1,"bda7f933-cb89-4054-a538-a10493436333,ff47d431-8410-45ed-8933-0b934bbee4d3,f1d1df57-8b99-49de-8a48-8a55878aa05c,7b65465c-b587-45b7-a9b3-cecaa0743be4","bda7f933-cb89-4054-a538-a10493436333,ff47d431-8410-45ed-8933-0b934bbee4d3,f1d1df57-8b99-49de-8a48-8a55878aa05c,7b65465c-b587-45b7-a9b3-cecaa0743be4",,ff47d431-8410-45ed-8933-0b934bbee4d3,"bda7f933-cb89-4054-a538-a10493436333,ff47d431-8410-45ed-8933-0b934bbee4d3,f1d1df57-8b99-49de-8a48-8a55878aa05c,7b65465c-b587-45b7-a9b3-cecaa0743be4",,,1,11,484800,16,11,484800,16,0,0,0,24,1117317,2019-10-14,2220,크러시제이,5317
2019-10-14,2413,1173,997,722,28195,625,28,1128,105,2,64000,0,0,0,0,0,0,0,0,-5266,0,0,0,0,0,null,0,0,0,null,null,0,3,-15,2,167,3,2,0,null,null,null,null,null,null,null,1,0,0,0,0,0,0,0,0,0,2,64000,2019-10-14,2413,드보우,2866
2019-10-14,3492,2463,1870,1639,1637,700,16,1063,123,8,568200,0,0,0,0,0,0,0,0,67419,0,0,0,0,0,null,0,0,0,null,null,0,2,-15,1,185,2,1,0,null,null,null,null,null,null,null,1,0,0,0,0,0,0,0,0,0,8,568200,2019-10-14,3492,바이비브,283
2019-10-14,5387,2400,1831,1587,2621,483,18,951,77,2,114300,0,0,0,0,0,0,0,0,44298,0,0,0,0,0,null,0,0,0,null,null,0,9,-15,8,215,9,8,0,null,null,null,null,null,null,null,1,0,0,0,0,0,0,0,0,0,2,114300,2019-10-14,5387,미니걸스,156
2019-10-14,6147,751,662,1172,2053,635,6,777,80,6,338700,26613,538,58547,58316,0,58316,0,0,287455,2,2,3,3,0,null,2,1,2,45000,10000,2,2,106,2,-15,2,2,1,"b6e8ac64-19ae-4f81-a247-5a26ba435f1d,c61adb46-4851-4e29-9f8b-98bf3eb043cc,0801ee05-4a15-4758-8e0a-d50855a18191","0801ee05-4a15-4758-8e0a-d50855a18191,b6e8ac64-19ae-4f81-a247-5a26ba435f1d,c61adb46-4851-4e29-9f8b-98bf3eb043cc",,"0801ee05-4a15-4758-8e0a-d50855a18191,c61adb46-4851-4e29-9f8b-98bf3eb043cc",b6e8ac64-19ae-4f81-a247-5a26ba435f1d,"0801ee05-4a15-4758-8e0a-d50855a18191,c61adb46-4851-4e29-9f8b-98bf3eb043cc","0801ee05-4a15-4758-8e0a-d50855a18191,c61adb46-4851-4e29-9f8b-98bf3eb043cc",1,0,0,0,0,0,0,0,0,0,6,338700,2019-10-14,6147,미코미코,406
2019-10-13,2003,178,173,266,78317,3557,175,6942,689,18,1291320,131437,2754,289160,290437,0,290437,0,0,1621471,0,0,4,4,0,null,0,4,0,75000,null,0,3,515,3,-16,3,3,1,"5c834a02-3202-4392-8857-9ad393208446,bdc2e5a0-057b-46fc-8094-89516cfbe928,d3355f2f-81d2-4eb3-a968-9a0064ed32ab,0e2ebe14-97b1-49f9-ba43-568761d24f6b","5c834a02-3202-4392-8857-9ad393208446,bdc2e5a0-057b-46fc-8094-89516cfbe928,d3355f2f-81d2-4eb3-a968-9a0064ed32ab,0e2ebe14-97b1-49f9-ba43-568761d24f6b",,,"5c834a02-3202-4392-8857-9ad393208446,bdc2e5a0-057b-46fc-8094-89516cfbe928,d3355f2f-81d2-4eb3-a968-9a0064ed32ab,0e2ebe14-97b1-49f9-ba43-568761d24f6b",,,1,19,1295300,33,17,1237500,31,0,0,0,18,1291320,2019-10-13,2003,더제이수,4416
2019-10-13,2220,242,230,357,58007,1467,79,2527,181,18,729700,44371,741,97616,96137,0,96137,0,0,619486,0,0,4,4,0,null,0,4,0,30000,null,0,1,650,1,-14,2,2,1,"bda7f933-cb89-4054-a538-a10493436333,ff47d431-8410-45ed-8933-0b934bbee4d3,f1d1df57-8b99-49de-8a48-8a55878aa05c,7b65465c-b587-45b7-a9b3-cecaa0743be4","bda7f933-cb89-4054-a538-a10493436333,ff47d431-8410-45ed-8933-0b934bbee4d3,f1d1df57-8b99-49de-8a48-8a55878aa05c,7b65465c-b587-45b7-a9b3-cecaa0743be4",,,"bda7f933-cb89-4054-a538-a10493436333,ff47d431-8410-45ed-8933-0b934bbee4d3,f1d1df57-8b99-49de-8a48-8a55878aa05c,7b65465c-b587-45b7-a9b3-cecaa0743be4",,,1,12,401000,16,10,351000,14,0,0,0,18,729700,2019-10-13,2220,크러시제이,2731
2019-10-13,2413,1188,1011,727,28167,523,25,1065,40,6,346600,0,0,0,0,0,0,0,0,-5266,0,0,0,0,0,null,0,0,0,null,null,0,3,-16,2,166,3,2,0,null,null,null,null,null,null,null,1,0,0,0,0,0,0,0,0,0,6,346600,2019-10-13,2413,드보우,1389
2019-10-13,3492,2484,1889,1651,1621,674,16,1025,98,3,123150,0,0,0,0,0,0,0,0,67419,0,0,0,0,0,null,0,0,0,null,null,0,2,-16,1,184,2,1,0,null,null,null,null,null,null,null,1,0,0,0,0,0,0,0,0,0,3,123150,2019-10-13,3492,바이비브,117
2019-10-13,5387,2407,1835,1586,2603,479,17,953,120,3,158700,0,0,0,0,0,0,0,0,44298,0,0,0,0,0,null,0,0,0,null,null,0,9,-16,8,214,9,8,0,null,null,null,null,null,null,null,1,0,0,0,0,0,0,0,0,0,3,158700,2019-10-13,5387,미니걸스,256
2019-10-13,6147,744,656,1166,2047,604,18,790,110,4,456900,19675,476,43285,42635,0,42635,0,0,345771,0,0,1,1,0,null,0,1,0,45000,null,0,2,105,2,-16,2,2,1,b6e8ac64-19ae-4f81-a247-5a26ba435f1d,b6e8ac64-19ae-4f81-a247-5a26ba435f1d,,,b6e8ac64-19ae-4f81-a247-5a26ba435f1d,,,1,0,0,0,0,0,0,0,0,0,4,456900,2019-10-13,6147,미코미코,228
2019-10-12,2003,180,175,266,78142,3134,144,5690,779,15,1403830,130477,2542,287048,288113,0,288113,0,0,1911908,0,0,4,4,0,null,0,4,0,75000,null,0,3,514,3,-17,3,3,1,"5c834a02-3202-4392-8857-9ad393208446,bdc2e5a0-057b-46fc-8094-89516cfbe928,d3355f2f-81d2-4eb3-a968-9a0064ed32ab,0e2ebe14-97b1-49f9-ba43-568761d24f6b","5c834a02-3202-4392-8857-9ad393208446,bdc2e5a0-057b-46fc-8094-89516cfbe928,d3355f2f-81d2-4eb3-a968-9a0064ed32ab,0e2ebe14-97b1-49f9-ba43-568761d24f6b",,,"5c834a02-3202-4392-8857-9ad393208446,bdc2e5a0-057b-46fc-8094-89516cfbe928,d3355f2f-81d2-4eb3-a968-9a0064ed32ab,0e2ebe14-97b1-49f9-ba43-568761d24f6b",,,1,12,810900,19,12,810900,19,2,63500,2,15,1403830,2019-10-12,2003,더제이수,4840
2019-10-12,2220,243,231,360,57928,1163,66,1978,191,19,1210500,36973,554,81339,82474,0,82474,0,0,715623,0,0,4,4,0,null,2,4,0,30000,null,0,1,649,1,-15,2,2,1,"bda7f933-cb89-4054-a538-a10493436333,ff47d431-8410-45ed-8933-0b934bbee4d3,f1d1df57-8b99-49de-8a48-8a55878aa05c,7b65465c-b587-45b7-a9b3-cecaa0743be4","bda7f933-cb89-4054-a538-a10493436333,ff47d431-8410-45ed-8933-0b934bbee4d3,f1d1df57-8b99-49de-8a48-8a55878aa05c,7b65465c-b587-45b7-a9b3-cecaa0743be4",,"bda7f933-cb89-4054-a538-a10493436333,ff47d431-8410-45ed-8933-0b934bbee4d3","bda7f933-cb89-4054-a538-a10493436333,f1d1df57-8b99-49de-8a48-8a55878aa05c,ff47d431-8410-45ed-8933-0b934bbee4d3,7b65465c-b587-45b7-a9b3-cecaa0743be4",,,1,5,138000,5,5,138000,5,1,24000,1,19,1210500,2019-10-12,2220,크러시제이,2702
2019-10-12,2413,1193,1015,732,28142,528,17,998,107,2,322000,0,0,0,0,0,0,0,0,-5266,0,0,0,0,0,null,0,0,0,null,null,0,3,-17,2,165,3,2,0,null,null,null,null,null,null,null,1,0,0,0,0,0,0,0,0,0,2,322000,2019-10-12,2413,드보우,2001
2019-10-12,3492,2498,1898,1662,1605,490,7,707,73,2,57000,0,0,0,0,0,0,0,0,67419,0,0,0,0,0,null,0,0,0,null,null,0,2,-17,1,183,2,1,0,null,null,null,null,null,null,null,1,0,0,0,0,0,0,0,0,0,2,57000,2019-10-12,3492,바이비브,49
2019-10-12,5387,2462,1871,1627,2586,320,6,540,42,5,297600,0,0,0,0,0,0,0,0,44298,0,0,0,0,0,null,0,0,0,null,null,0,9,-17,8,213,9,8,0,null,null,null,null,null,null,null,1,0,0,0,0,0,0,0,0,0,5,297600,2019-10-12,5387,미니걸스,60
2019-10-12,6147,743,655,1172,2029,559,17,689,69,0,0,21159,460,46549,48346,0,48346,0,0,388406,0,0,2,2,0,null,1,1,1,45000,10000,0,2,104,2,-17,2,2,1,"698b2994-3d17-41f9-8369-9d56ebb0594a,b6e8ac64-19ae-4f81-a247-5a26ba435f1d","698b2994-3d17-41f9-8369-9d56ebb0594a,b6e8ac64-19ae-4f81-a247-5a26ba435f1d",,698b2994-3d17-41f9-8369-9d56ebb0594a,b6e8ac64-19ae-4f81-a247-5a26ba435f1d,698b2994-3d17-41f9-8369-9d56ebb0594a,,1,0,0,0,0,0,0,0,0,0,0,0,2019-10-12,6147,미코미코,206
2019-10-11,2003,183,178,268,77998,3263,150,6023,722,16,1385600,130398,2581,286873,286297,0,286297,1,2000000,2200021,1,1,5,5,0,null,0,5,0,66000,null,1,3,513,3,-18,3,3,1,"5c834a02-3202-4392-8857-9ad393208446,bdc2e5a0-057b-46fc-8094-89516cfbe928,f49b4e24-448f-46d3-b5bb-fd93b99b8551,d3355f2f-81d2-4eb3-a968-9a0064ed32ab,0e2ebe14-97b1-49f9-ba43-568761d24f6b","5c834a02-3202-4392-8857-9ad393208446,bdc2e5a0-057b-46fc-8094-89516cfbe928,d3355f2f-81d2-4eb3-a968-9a0064ed32ab,f49b4e24-448f-46d3-b5bb-fd93b99b8551,0e2ebe14-97b1-49f9-ba43-568761d24f6b",,,"5c834a02-3202-4392-8857-9ad393208446,bdc2e5a0-057b-46fc-8094-89516cfbe928,d3355f2f-81d2-4eb3-a968-9a0064ed32ab,f49b4e24-448f-46d3-b5bb-fd93b99b8551,0e2ebe14-97b1-49f9-ba43-568761d24f6b",,f49b4e24-448f-46d3-b5bb-fd93b99b8551,1,23,1614800,36,22,1599600,35,3,96900,3,16,1385600,2019-10-11,2003,더제이수,6008
2019-10-11,2220,243,231,360,57862,1505,65,2583,300,13,541720,40185,656,88405,86966,0,86966,0,0,798097,0,0,4,4,0,null,2,4,0,30000,null,0,1,648,1,-16,2,2,1,"bda7f933-cb89-4054-a538-a10493436333,ff47d431-8410-45ed-8933-0b934bbee4d3,f1d1df57-8b99-49de-8a48-8a55878aa05c,7b65465c-b587-45b7-a9b3-cecaa0743be4","bda7f933-cb89-4054-a538-a10493436333,ff47d431-8410-45ed-8933-0b934bbee4d3,f1d1df57-8b99-49de-8a48-8a55878aa05c,7b65465c-b587-45b7-a9b3-cecaa0743be4",,"bda7f933-cb89-4054-a538-a10493436333,ff47d431-8410-45ed-8933-0b934bbee4d3","bda7f933-cb89-4054-a538-a10493436333,ff47d431-8410-45ed-8933-0b934bbee4d3,f1d1df57-8b99-49de-8a48-8a55878aa05c,7b65465c-b587-45b7-a9b3-cecaa0743be4",,,1,7,265000,10,7,265000,10,0,0,0,13,541720,2019-10-11,2220,크러시제이,5533
2019-10-11,2413,1196,1018,735,28125,497,20,880,43,2,96100,0,0,0,0,0,0,0,0,-5266,0,0,0,0,0,null,0,0,0,null,null,0,3,-18,2,164,3,2,0,null,null,null,null,null,null,null,1,0,0,0,0,0,0,0,0,0,2,96100,2019-10-11,2413,드보우,1769
2019-10-11,3492,2487,1886,1661,1598,558,7,859,75,1,84500,0,0,0,0,0,0,0,0,67419,0,0,0,0,0,null,0,0,0,null,null,0,2,-18,1,182,2,1,0,null,null,null,null,null,null,null,1,0,0,0,0,0,0,0,0,0,1,84500,2019-10-11,3492,바이비브,75
2019-10-11,5387,2444,1857,1625,2580,358,10,574,50,5,297000,0,0,0,0,0,0,0,0,44298,0,0,0,0,0,null,0,0,0,null,null,0,9,-18,8,212,9,8,0,null,null,null,null,null,null,null,1,0,0,0,0,0,0,0,0,0,5,297000,2019-10-11,5387,미니걸스,120
2019-10-11,6147,740,652,1170,2012,666,5,814,84,3,162000,28432,580,62549,60118,0,60118,0,0,436752,3,2,5,4,0,null,2,1,4,45000,10000,3,2,103,2,-18,2,2,1,"44eaf377-9de1-4fbe-b9d7-dd60f6680616,b6e8ac64-19ae-4f81-a247-5a26ba435f1d,698b2994-3d17-41f9-8369-9d56ebb0594a,3d118596-8333-4fbe-9d7b-b11a0e62bc2b,12dc9379-2e1e-4c9c-8fd6-b6398e995917","698b2994-3d17-41f9-8369-9d56ebb0594a,b6e8ac64-19ae-4f81-a247-5a26ba435f1d,3d118596-8333-4fbe-9d7b-b11a0e62bc2b,12dc9379-2e1e-4c9c-8fd6-b6398e995917",,"698b2994-3d17-41f9-8369-9d56ebb0594a,12dc9379-2e1e-4c9c-8fd6-b6398e995917",b6e8ac64-19ae-4f81-a247-5a26ba435f1d,"698b2994-3d17-41f9-8369-9d56ebb0594a,44eaf377-9de1-4fbe-b9d7-dd60f6680616,3d118596-8333-4fbe-9d7b-b11a0e62bc2b,12dc9379-2e1e-4c9c-8fd6-b6398e995917","698b2994-3d17-41f9-8369-9d56ebb0594a,3d118596-8333-4fbe-9d7b-b11a0e62bc2b,12dc9379-2e1e-4c9c-8fd6-b6398e995917",1,0,0,0,0,0,0,0,0,0,3,162000,2019-10-11,6147,미코미코,170
2019-10-10,2003,184,179,269,77848,3722,167,7308,755,24,1368300,132729,2808,292003,288826,0,288826,0,0,486318,1,1,5,5,0,null,1,5,0,70000,null,1,3,512,3,-19,3,3,1,"5c834a02-3202-4392-8857-9ad393208446,3f465da2-d86f-4e6a-a288-174f11caa14b,bdc2e5a0-057b-46fc-8094-89516cfbe928,d3355f2f-81d2-4eb3-a968-9a0064ed32ab,0e2ebe14-97b1-49f9-ba43-568761d24f6b","5c834a02-3202-4392-8857-9ad393208446,bdc2e5a0-057b-46fc-8094-89516cfbe928,d3355f2f-81d2-4eb3-a968-9a0064ed32ab,3f465da2-d86f-4e6a-a288-174f11caa14b,0e2ebe14-97b1-49f9-ba43-568761d24f6b",,3f465da2-d86f-4e6a-a288-174f11caa14b,"5c834a02-3202-4392-8857-9ad393208446,3f465da2-d86f-4e6a-a288-174f11caa14b,bdc2e5a0-057b-46fc-8094-89516cfbe928,d3355f2f-81d2-4eb3-a968-9a0064ed32ab,0e2ebe14-97b1-49f9-ba43-568761d24f6b",,d3355f2f-81d2-4eb3-a968-9a0064ed32ab,1,26,1049100,35,28,1116500,37,9,376900,12,24,1368300,2019-10-10,2003,더제이수,5690
2019-10-10,2220,242,230,360,57797,1672,97,2786,235,18,1167500,50798,829,111753,113877,0,113877,0,0,885063,0,0,6,4,0,null,1,6,0,33333.333333333336,null,0,1,647,1,-17,2,2,1,"9388771d-83bd-43c0-a5a0-6aea2069fcc4,bf9cc504-17ba-4ebd-a670-ef3611266d19,f1d1df57-8b99-49de-8a48-8a55878aa05c,bda7f933-cb89-4054-a538-a10493436333,ff47d431-8410-45ed-8933-0b934bbee4d3,7b65465c-b587-45b7-a9b3-cecaa0743be4","bda7f933-cb89-4054-a538-a10493436333,ff47d431-8410-45ed-8933-0b934bbee4d3,f1d1df57-8b99-49de-8a48-8a55878aa05c,7b65465c-b587-45b7-a9b3-cecaa0743be4",,ff47d431-8410-45ed-8933-0b934bbee4d3,"bda7f933-cb89-4054-a538-a10493436333,bf9cc504-17ba-4ebd-a670-ef3611266d19,f1d1df57-8b99-49de-8a48-8a55878aa05c,ff47d431-8410-45ed-8933-0b934bbee4d3,9388771d-83bd-43c0-a5a0-6aea2069fcc4,7b65465c-b587-45b7-a9b3-cecaa0743be4",,,1,20,1204300,27,20,1204300,27,6,243500,8,18,1167500,2019-10-10,2220,크러시제이,4105
2019-10-10,2413,1196,1017,735,28105,600,27,1243,90,7,468800,0,0,0,0,0,0,0,0,-5266,0,0,0,0,0,null,0,0,0,null,null,0,3,-19,2,163,3,2,0,null,null,null,null,null,null,null,1,0,0,0,0,0,0,0,0,0,7,468800,2019-10-10,2413,드보우,1372
2019-10-10,3492,2501,1893,1670,1591,753,17,1189,129,5,281000,0,0,0,0,0,0,0,0,67419,0,0,0,0,0,null,0,0,0,null,null,0,2,-19,1,181,2,1,0,null,null,null,null,null,null,null,1,0,0,0,0,0,0,0,0,0,5,281000,2019-10-10,3492,바이비브,180
2019-10-10,5387,2434,1846,1616,2570,372,5,646,56,0,0,0,0,0,0,0,0,0,0,44298,0,0,0,0,0,null,0,0,0,null,null,0,9,-19,8,211,9,8,0,null,null,null,null,null,null,null,1,0,0,0,0,0,0,0,0,0,0,0,2019-10-10,5387,미니걸스,84
2019-10-10,6147,729,643,1156,2007,894,28,1061,124,6,343900,23207,599,51054,51666,0,51666,0,0,496870,1,1,2,2,0,null,1,1,1,45000,10000,1,2,102,2,-19,2,2,1,"44eaf377-9de1-4fbe-b9d7-dd60f6680616,b6e8ac64-19ae-4f81-a247-5a26ba435f1d","44eaf377-9de1-4fbe-b9d7-dd60f6680616,b6e8ac64-19ae-4f81-a247-5a26ba435f1d",,44eaf377-9de1-4fbe-b9d7-dd60f6680616,b6e8ac64-19ae-4f81-a247-5a26ba435f1d,44eaf377-9de1-4fbe-b9d7-dd60f6680616,44eaf377-9de1-4fbe-b9d7-dd60f6680616,1,0,0,0,0,0,0,0,0,0,6,343900,2019-10-10,6147,미코미코,259
2019-10-09,2003,186,180,270,77681,3630,154,7725,696,36,2591700,112202,2378,246842,247061,0,247061,0,0,775144,0,0,4,4,0,null,1,4,0,72500,null,0,3,511,3,-20,3,3,1,"5c834a02-3202-4392-8857-9ad393208446,bdc2e5a0-057b-46fc-8094-89516cfbe928,3f465da2-d86f-4e6a-a288-174f11caa14b,0e2ebe14-97b1-49f9-ba43-568761d24f6b","5c834a02-3202-4392-8857-9ad393208446,bdc2e5a0-057b-46fc-8094-89516cfbe928,3f465da2-d86f-4e6a-a288-174f11caa14b,0e2ebe14-97b1-49f9-ba43-568761d24f6b",,3f465da2-d86f-4e6a-a288-174f11caa14b,"5c834a02-3202-4392-8857-9ad393208446,3f465da2-d86f-4e6a-a288-174f11caa14b,bdc2e5a0-057b-46fc-8094-89516cfbe928,0e2ebe14-97b1-49f9-ba43-568761d24f6b",,,1,29,1918500,62,26,1838900,59,1,35200,1,36,2591700,2019-10-09,2003,더제이수,6101
2019-10-09,2220,241,229,361,57700,1818,134,3233,370,19,1348000,75551,1352,166209,169512,0,169512,1,1000000,998940,4,3,7,7,0,null,1,7,0,32857.142857142855,null,3,1,646,1,-18,2,2,1,"bda7f933-cb89-4054-a538-a10493436333,20fc5857-3dda-4e07-97a9-40bdd12f24a8,ff47d431-8410-45ed-8933-0b934bbee4d3,9388771d-83bd-43c0-a5a0-6aea2069fcc4,bf9cc504-17ba-4ebd-a670-ef3611266d19,f1d1df57-8b99-49de-8a48-8a55878aa05c,7b65465c-b587-45b7-a9b3-cecaa0743be4","bda7f933-cb89-4054-a538-a10493436333,20fc5857-3dda-4e07-97a9-40bdd12f24a8,ff47d431-8410-45ed-8933-0b934bbee4d3,9388771d-83bd-43c0-a5a0-6aea2069fcc4,bf9cc504-17ba-4ebd-a670-ef3611266d19,f1d1df57-8b99-49de-8a48-8a55878aa05c,7b65465c-b587-45b7-a9b3-cecaa0743be4",,20fc5857-3dda-4e07-97a9-40bdd12f24a8,"bda7f933-cb89-4054-a538-a10493436333,20fc5857-3dda-4e07-97a9-40bdd12f24a8,ff47d431-8410-45ed-8933-0b934bbee4d3,9388771d-83bd-43c0-a5a0-6aea2069fcc4,bf9cc504-17ba-4ebd-a670-ef3611266d19,f1d1df57-8b99-49de-8a48-8a55878aa05c,7b65465c-b587-45b7-a9b3-cecaa0743be4",,"bf9cc504-17ba-4ebd-a670-ef3611266d19,f1d1df57-8b99-49de-8a48-8a55878aa05c,7b65465c-b587-45b7-a9b3-cecaa0743be4",1,12,414000,15,12,414000,15,0,0,0,19,1348000,2019-10-09,2220,크러시제이,3537
2019-10-09,2413,1199,1020,735,28078,774,25,2020,151,14,1227300,0,0,0,0,0,0,0,0,-5266,0,0,0,0,0,null,0,0,0,null,null,0,3,-20,2,162,3,2,0,null,null,null,null,null,null,null,1,0,0,0,0,0,0,0,0,0,14,1227300,2019-10-09,2413,드보우,2682
2019-10-09,3492,2510,1896,1681,1574,650,11,1050,120,4,320550,0,0,0,0,0,0,0,0,67419,0,0,0,0,0,null,0,0,0,null,null,0,2,-20,1,180,2,1,0,null,null,null,null,null,null,null,1,0,0,0,0,0,0,0,0,0,4,320550,2019-10-09,3492,바이비브,140
2019-10-09,5387,2413,1831,1605,2565,353,14,688,34,4,211000,0,0,0,0,0,0,0,0,44298,0,0,0,0,0,null,0,0,0,null,null,0,9,-20,8,210,9,8,0,null,null,null,null,null,null,null,1,0,0,0,0,0,0,0,0,0,4,211000,2019-10-09,5387,미니걸스,128
2019-10-09,6147,725,640,1150,1979,1071,21,1317,157,10,420300,28583,688,62882,64621,0,64621,1,500000,548536,0,0,2,2,0,null,0,2,0,37500,null,0,2,101,2,-20,2,2,1,"b6e8ac64-19ae-4f81-a247-5a26ba435f1d,2a6cd551-6326-43af-a199-27d9b4d928c7","b6e8ac64-19ae-4f81-a247-5a26ba435f1d,2a6cd551-6326-43af-a199-27d9b4d928c7",,,"b6e8ac64-19ae-4f81-a247-5a26ba435f1d,2a6cd551-6326-43af-a199-27d9b4d928c7",,,1,0,0,0,0,0,0,0,0,0,10,420300,2019-10-09,6147,미코미코,292
2019-10-08,2003,187,181,271,77527,3736,168,7761,790,46,3487100,122828,2519,270218,271316,0,271316,0,0,1022205,3,2,8,6,0,null,1,8,0,62500,null,3,3,510,3,-21,3,3,1,"5c834a02-3202-4392-8857-9ad393208446,bdc2e5a0-057b-46fc-8094-89516cfbe928,3f465da2-d86f-4e6a-a288-174f11caa14b,fa4d12ff-d284-4398-aa13-3e34c088f1f1,8da22acd-8599-4d4f-8e5d-bcb0ede06a26,e1cdac84-2989-4faf-85bd-d1357e75b554,780adce6-d538-45a1-a92b-3b7cd755af56,0e2ebe14-97b1-49f9-ba43-568761d24f6b","5c834a02-3202-4392-8857-9ad393208446,3f465da2-d86f-4e6a-a288-174f11caa14b,e1cdac84-2989-4faf-85bd-d1357e75b554,bdc2e5a0-057b-46fc-8094-89516cfbe928,780adce6-d538-45a1-a92b-3b7cd755af56,0e2ebe14-97b1-49f9-ba43-568761d24f6b",,3f465da2-d86f-4e6a-a288-174f11caa14b,"5c834a02-3202-4392-8857-9ad393208446,bdc2e5a0-057b-46fc-8094-89516cfbe928,3f465da2-d86f-4e6a-a288-174f11caa14b,fa4d12ff-d284-4398-aa13-3e34c088f1f1,8da22acd-8599-4d4f-8e5d-bcb0ede06a26,e1cdac84-2989-4faf-85bd-d1357e75b554,780adce6-d538-45a1-a92b-3b7cd755af56,0e2ebe14-97b1-49f9-ba43-568761d24f6b",,"5c834a02-3202-4392-8857-9ad393208446,3f465da2-d86f-4e6a-a288-174f11caa14b,fa4d12ff-d284-4398-aa13-3e34c088f1f1",1,36,1858300,57,37,1970500,61,7,238700,8,46,3487100,2019-10-08,2003,더제이수,7352
2019-10-08,2220,240,228,362,57566,1725,94,3014,358,19,1263040,52998,890,116594,113575,0,113575,0,0,168452,0,0,4,4,0,null,1,4,0,35000,null,0,1,645,1,-19,2,2,1,"bda7f933-cb89-4054-a538-a10493436333,20fc5857-3dda-4e07-97a9-40bdd12f24a8,ff47d431-8410-45ed-8933-0b934bbee4d3,9388771d-83bd-43c0-a5a0-6aea2069fcc4","bda7f933-cb89-4054-a538-a10493436333,20fc5857-3dda-4e07-97a9-40bdd12f24a8,ff47d431-8410-45ed-8933-0b934bbee4d3,9388771d-83bd-43c0-a5a0-6aea2069fcc4",,20fc5857-3dda-4e07-97a9-40bdd12f24a8,"bda7f933-cb89-4054-a538-a10493436333,20fc5857-3dda-4e07-97a9-40bdd12f24a8,ff47d431-8410-45ed-8933-0b934bbee4d3,9388771d-83bd-43c0-a5a0-6aea2069fcc4",,,1,10,374700,14,11,398700,15,2,96500,3,19,1263040,2019-10-08,2220,크러시제이,5147
2019-10-08,2413,1189,1010,733,28053,601,23,1262,121,5,178500,0,0,0,0,0,0,0,0,-5266,0,0,0,0,0,null,0,0,0,null,null,0,3,-21,2,161,3,2,0,null,null,null,null,null,null,null,1,0,0,0,0,0,0,0,0,0,5,178500,2019-10-08,2413,드보우,2548
2019-10-08,3492,2501,1886,1679,1563,533,10,790,77,5,362550,0,0,0,0,0,0,0,0,67419,0,0,0,0,0,null,0,0,0,null,null,0,2,-21,1,179,2,1,0,null,null,null,null,null,null,null,1,0,0,0,0,0,0,0,0,0,5,362550,2019-10-08,3492,바이비브,45
2019-10-08,5387,2390,1812,1587,2551,377,14,698,71,7,352900,0,0,0,0,0,0,0,0,44298,0,0,0,0,0,null,0,0,0,null,null,0,9,-21,8,209,9,8,0,null,null,null,null,null,null,null,1,0,0,0,0,0,0,0,0,0,7,352900,2019-10-08,5387,미니걸스,193
2019-10-08,6147,724,638,1141,1958,1323,22,1641,174,7,305300,39936,822,87857,87700,0,87700,0,0,113157,3,1,7,5,0,null,1,2,5,37500,10000,3,2,100,2,-21,2,2,1,"385edf71-425f-46ef-9c16-0a23f3bc1c8d,0e083a55-cd75-4981-ae68-65ecbad35040,b6e8ac64-19ae-4f81-a247-5a26ba435f1d,7e9aac9e-e487-4e5b-bdd8-f6b12a5dfda0,42c724ac-8aaf-4697-a08c-28ba80431050,2a6cd551-6326-43af-a199-27d9b4d928c7,75ad6ce7-9aad-4005-8a0d-63323c777a6b","385edf71-425f-46ef-9c16-0a23f3bc1c8d,b6e8ac64-19ae-4f81-a247-5a26ba435f1d,7e9aac9e-e487-4e5b-bdd8-f6b12a5dfda0,42c724ac-8aaf-4697-a08c-28ba80431050,2a6cd551-6326-43af-a199-27d9b4d928c7",,42c724ac-8aaf-4697-a08c-28ba80431050,"b6e8ac64-19ae-4f81-a247-5a26ba435f1d,2a6cd551-6326-43af-a199-27d9b4d928c7","7e9aac9e-e487-4e5b-bdd8-f6b12a5dfda0,42c724ac-8aaf-4697-a08c-28ba80431050,385edf71-425f-46ef-9c16-0a23f3bc1c8d,0e083a55-cd75-4981-ae68-65ecbad35040,75ad6ce7-9aad-4005-8a0d-63323c777a6b","385edf71-425f-46ef-9c16-0a23f3bc1c8d,7e9aac9e-e487-4e5b-bdd8-f6b12a5dfda0,42c724ac-8aaf-4697-a08c-28ba80431050",1,0,0,0,0,0,0,0,0,0,7,305300,2019-10-08,6147,미코미코,219
2019-10-07,2003,188,181,271,77359,4446,190,9137,901,56,3819000,134922,2770,296826,297622,0,297622,0,0,1293521,3,2,6,6,0,null,2,6,0,76666.66666666667,null,2,3,509,3,-22,3,3,1,"5d365120-9dd0-4337-a1c0-1889397d9b90,bdc2e5a0-057b-46fc-8094-89516cfbe928,8da22acd-8599-4d4f-8e5d-bcb0ede06a26,e1cdac84-2989-4faf-85bd-d1357e75b554,780adce6-d538-45a1-a92b-3b7cd755af56,0e2ebe14-97b1-49f9-ba43-568761d24f6b","8da22acd-8599-4d4f-8e5d-bcb0ede06a26,5d365120-9dd0-4337-a1c0-1889397d9b90,e1cdac84-2989-4faf-85bd-d1357e75b554,bdc2e5a0-057b-46fc-8094-89516cfbe928,780adce6-d538-45a1-a92b-3b7cd755af56,0e2ebe14-97b1-49f9-ba43-568761d24f6b",,"8da22acd-8599-4d4f-8e5d-bcb0ede06a26,5d365120-9dd0-4337-a1c0-1889397d9b90","8da22acd-8599-4d4f-8e5d-bcb0ede06a26,5d365120-9dd0-4337-a1c0-1889397d9b90,e1cdac84-2989-4faf-85bd-d1357e75b554,bdc2e5a0-057b-46fc-8094-89516cfbe928,780adce6-d538-45a1-a92b-3b7cd755af56,0e2ebe14-97b1-49f9-ba43-568761d24f6b",,"8da22acd-8599-4d4f-8e5d-bcb0ede06a26,e1cdac84-2989-4faf-85bd-d1357e75b554",1,41,1969800,64,35,1698500,54,5,163700,5,56,3819000,2019-10-07,2003,더제이수,7331
2019-10-07,2220,241,228,366,57472,1931,134,3346,354,24,1411700,54586,979,120088,118545,0,118545,0,0,282027,0,0,4,4,0,null,1,4,0,35000,null,0,1,644,1,-20,2,2,1,"bda7f933-cb89-4054-a538-a10493436333,20fc5857-3dda-4e07-97a9-40bdd12f24a8,ff47d431-8410-45ed-8933-0b934bbee4d3,9388771d-83bd-43c0-a5a0-6aea2069fcc4","bda7f933-cb89-4054-a538-a10493436333,20fc5857-3dda-4e07-97a9-40bdd12f24a8,ff47d431-8410-45ed-8933-0b934bbee4d3,9388771d-83bd-43c0-a5a0-6aea2069fcc4",,20fc5857-3dda-4e07-97a9-40bdd12f24a8,"bda7f933-cb89-4054-a538-a10493436333,20fc5857-3dda-4e07-97a9-40bdd12f24a8,ff47d431-8410-45ed-8933-0b934bbee4d3,9388771d-83bd-43c0-a5a0-6aea2069fcc4",,,1,14,693300,20,12,619300,17,1,23000,1,24,1411700,2019-10-07,2220,크러시제이,5757
2019-10-07,2413,1182,1001,728,28030,689,21,1383,98,6,367500,0,0,0,0,0,0,0,0,-5266,0,0,0,0,0,null,0,0,0,null,null,0,3,-22,2,160,3,2,0,null,null,null,null,null,null,null,1,0,0,0,0,0,0,0,0,0,6,367500,2019-10-07,2413,드보우,2814
2019-10-07,3492,2477,1860,1667,1553,705,12,1181,100,5,266450,0,0,0,0,0,0,0,0,67419,0,0,0,0,0,null,0,0,0,null,null,0,2,-22,1,178,2,1,0,null,null,null,null,null,null,null,1,0,0,0,0,0,0,0,0,0,5,266450,2019-10-07,3492,바이비브,93
2019-10-07,5387,2394,1808,1604,2537,409,2,632,43,4,300800,0,0,0,0,0,0,0,0,44298,0,0,0,0,0,null,0,0,0,null,null,0,9,-22,8,208,9,8,0,null,null,null,null,null,null,null,1,0,0,0,0,0,0,0,0,0,4,300800,2019-10-07,5387,미니걸스,83
2019-10-07,6147,720,634,1128,1936,1101,26,1399,180,9,408200,39900,910,87778,87390,0,87390,0,0,200857,2,2,4,4,0,null,2,2,2,37500,10000,2,2,99,2,-22,2,2,1,"0e083a55-cd75-4981-ae68-65ecbad35040,b6e8ac64-19ae-4f81-a247-5a26ba435f1d,2a6cd551-6326-43af-a199-27d9b4d928c7,75ad6ce7-9aad-4005-8a0d-63323c777a6b","0e083a55-cd75-4981-ae68-65ecbad35040,b6e8ac64-19ae-4f81-a247-5a26ba435f1d,2a6cd551-6326-43af-a199-27d9b4d928c7,75ad6ce7-9aad-4005-8a0d-63323c777a6b",,"0e083a55-cd75-4981-ae68-65ecbad35040,75ad6ce7-9aad-4005-8a0d-63323c777a6b","b6e8ac64-19ae-4f81-a247-5a26ba435f1d,2a6cd551-6326-43af-a199-27d9b4d928c7","0e083a55-cd75-4981-ae68-65ecbad35040,75ad6ce7-9aad-4005-8a0d-63323c777a6b","0e083a55-cd75-4981-ae68-65ecbad35040,75ad6ce7-9aad-4005-8a0d-63323c777a6b",1,0,0,0,0,0,0,0,0,0,9,408200,2019-10-07,6147,미코미코,448
2019-10-06,2003,188,181,271,77169,3932,163,8180,747,36,2277600,122020,2555,268441,267983,0,267983,0,0,1591143,0,0,4,4,0,null,0,4,0,87500,null,0,3,508,3,-23,3,3,1,"5d365120-9dd0-4337-a1c0-1889397d9b90,bdc2e5a0-057b-46fc-8094-89516cfbe928,780adce6-d538-45a1-a92b-3b7cd755af56,0e2ebe14-97b1-49f9-ba43-568761d24f6b","5d365120-9dd0-4337-a1c0-1889397d9b90,bdc2e5a0-057b-46fc-8094-89516cfbe928,780adce6-d538-45a1-a92b-3b7cd755af56,0e2ebe14-97b1-49f9-ba43-568761d24f6b",,,"5d365120-9dd0-4337-a1c0-1889397d9b90,bdc2e5a0-057b-46fc-8094-89516cfbe928,780adce6-d538-45a1-a92b-3b7cd755af56,0e2ebe14-97b1-49f9-ba43-568761d24f6b",,,1,25,1111600,41,27,1256900,46,2,78500,3,36,2277600,2019-10-06,2003,더제이수,5037
2019-10-06,2220,242,229,367,57338,1774,101,3011,283,18,801800,62424,1125,137330,139330,0,139330,0,0,400572,0,0,4,4,0,null,0,4,0,35000,null,0,1,643,1,-21,2,2,1,"20fc5857-3dda-4e07-97a9-40bdd12f24a8,9388771d-83bd-43c0-a5a0-6aea2069fcc4,bda7f933-cb89-4054-a538-a10493436333,ff47d431-8410-45ed-8933-0b934bbee4d3","bda7f933-cb89-4054-a538-a10493436333,20fc5857-3dda-4e07-97a9-40bdd12f24a8,ff47d431-8410-45ed-8933-0b934bbee4d3,9388771d-83bd-43c0-a5a0-6aea2069fcc4",,,"bda7f933-cb89-4054-a538-a10493436333,20fc5857-3dda-4e07-97a9-40bdd12f24a8,ff47d431-8410-45ed-8933-0b934bbee4d3,9388771d-83bd-43c0-a5a0-6aea2069fcc4",,,1,9,480800,10,9,480800,10,0,0,0,18,801800,2019-10-06,2220,크러시제이,3235
2019-10-06,2413,1181,1001,728,28009,533,25,1072,-37,7,355500,0,0,0,0,0,0,0,0,-5266,0,0,0,0,0,null,0,0,0,null,null,0,3,-23,2,159,3,2,0,null,null,null,null,null,null,null,1,0,0,0,0,0,0,0,0,0,7,355500,2019-10-06,2413,드보우,1136
2019-10-06,3492,2483,1866,1670,1541,713,12,1134,99,4,216000,0,0,0,0,0,0,0,0,67419,0,0,0,0,0,null,0,0,0,null,null,0,2,-23,1,177,2,1,0,null,null,null,null,null,null,null,1,0,0,0,0,0,0,0,0,0,4,216000,2019-10-06,3492,바이비브,77
2019-10-06,5387,2401,1814,1609,2535,396,9,665,62,5,283800,0,0,0,0,0,0,0,0,44298,0,0,0,0,0,null,0,0,0,null,null,0,9,-23,8,207,9,8,0,null,null,null,null,null,null,null,1,0,0,0,0,0,0,0,0,0,5,283800,2019-10-06,5387,미니걸스,50
2019-10-06,6147,720,634,1126,1910,929,24,1229,155,9,340900,33149,917,72927,74495,0,74495,0,0,288247,0,0,2,2,0,null,0,2,0,37500,null,0,2,98,2,-23,2,2,1,"b6e8ac64-19ae-4f81-a247-5a26ba435f1d,2a6cd551-6326-43af-a199-27d9b4d928c7","b6e8ac64-19ae-4f81-a247-5a26ba435f1d,2a6cd551-6326-43af-a199-27d9b4d928c7",,,"b6e8ac64-19ae-4f81-a247-5a26ba435f1d,2a6cd551-6326-43af-a199-27d9b4d928c7",,,1,0,0,0,0,0,0,0,0,0,9,340900,2019-10-06,6147,미코미코,295
2019-10-05,2003,186,179,271,77006,3693,136,7376,781,42,2829600,118035,2368,259675,259725,0,259725,0,0,1859126,0,0,4,4,0,null,1,4,0,87500,null,0,3,507,3,-24,3,3,1,"5d365120-9dd0-4337-a1c0-1889397d9b90,bdc2e5a0-057b-46fc-8094-89516cfbe928,780adce6-d538-45a1-a92b-3b7cd755af56,0e2ebe14-97b1-49f9-ba43-568761d24f6b","5d365120-9dd0-4337-a1c0-1889397d9b90,bdc2e5a0-057b-46fc-8094-89516cfbe928,780adce6-d538-45a1-a92b-3b7cd755af56,0e2ebe14-97b1-49f9-ba43-568761d24f6b",,5d365120-9dd0-4337-a1c0-1889397d9b90,"5d365120-9dd0-4337-a1c0-1889397d9b90,bdc2e5a0-057b-46fc-8094-89516cfbe928,780adce6-d538-45a1-a92b-3b7cd755af56,0e2ebe14-97b1-49f9-ba43-568761d24f6b",,,1,16,733100,23,15,661200,20,0,0,0,42,2829600,2019-10-05,2003,더제이수,4850
2019-10-05,2220,244,230,366,57237,1511,90,2399,262,11,632430,60338,976,132742,132356,0,132356,0,0,539902,0,0,4,4,0,null,0,4,0,35000,null,0,1,642,1,-22,2,2,1,"20fc5857-3dda-4e07-97a9-40bdd12f24a8,9388771d-83bd-43c0-a5a0-6aea2069fcc4,bda7f933-cb89-4054-a538-a10493436333,ff47d431-8410-45ed-8933-0b934bbee4d3","bda7f933-cb89-4054-a538-a10493436333,20fc5857-3dda-4e07-97a9-40bdd12f24a8,ff47d431-8410-45ed-8933-0b934bbee4d3,9388771d-83bd-43c0-a5a0-6aea2069fcc4",,,"bda7f933-cb89-4054-a538-a10493436333,20fc5857-3dda-4e07-97a9-40bdd12f24a8,ff47d431-8410-45ed-8933-0b934bbee4d3,9388771d-83bd-43c0-a5a0-6aea2069fcc4",,,1,7,204000,8,7,204000,8,2,45000,2,11,632430,2019-10-05,2220,크러시제이,2968
2019-10-05,2413,1185,1006,727,27984,447,26,827,7,1,38000,0,0,0,0,0,0,0,0,-5266,0,0,0,0,0,null,0,0,0,null,null,0,3,-24,2,158,3,2,0,null,null,null,null,null,null,null,1,0,0,0,0,0,0,0,0,0,1,38000,2019-10-05,2413,드보우,956
2019-10-05,3492,2498,1884,1679,1529,539,6,822,85,0,0,0,0,0,0,0,0,0,0,67419,0,0,0,0,0,null,0,0,0,null,null,0,2,-24,1,176,2,1,0,null,null,null,null,null,null,null,1,0,0,0,0,0,0,0,0,0,0,0,2019-10-05,3492,바이비브,61
2019-10-05,5387,2421,1830,1617,2526,341,9,746,90,7,330600,0,0,0,0,0,0,0,0,44298,0,0,0,0,0,null,0,0,0,null,null,0,9,-24,8,206,9,8,0,null,null,null,null,null,null,null,1,0,0,0,0,0,0,0,0,0,7,330600,2019-10-05,5387,미니걸스,73
2019-10-05,6147,716,632,1121,1886,826,20,1047,177,6,272800,33406,815,73492,71730,0,71730,0,0,362742,0,0,3,2,0,null,0,2,1,37500,10000,0,2,97,2,-24,2,2,1,"b6e8ac64-19ae-4f81-a247-5a26ba435f1d,3efe85f9-4f93-4e6d-8221-bbc7626bcfc6,2a6cd551-6326-43af-a199-27d9b4d928c7","b6e8ac64-19ae-4f81-a247-5a26ba435f1d,2a6cd551-6326-43af-a199-27d9b4d928c7",,,"b6e8ac64-19ae-4f81-a247-5a26ba435f1d,2a6cd551-6326-43af-a199-27d9b4d928c7",3efe85f9-4f93-4e6d-8221-bbc7626bcfc6,,1,0,0,0,0,0,0,0,0,0,6,272800,2019-10-05,6147,미코미코,189
2019-10-04,2003,187,180,273,76870,4171,176,8321,927,36,2264000,135584,2728,298283,297798,0,297798,0,0,2118851,4,2,8,7,0,null,2,6,0,91666.66666666667,null,4,3,506,3,-25,3,3,1,"bd894f9d-dffe-4018-bf2f-668d68e88fa7,5d365120-9dd0-4337-a1c0-1889397d9b90,bdc2e5a0-057b-46fc-8094-89516cfbe928,faa1bdda-82d2-4e0f-bc69-80b42206f807,780adce6-d538-45a1-a92b-3b7cd755af56,bff6a018-54f4-4532-9fe9-1b92a3c19cd1,92fdf2d6-cb72-441f-821e-ea70eedac677,0e2ebe14-97b1-49f9-ba43-568761d24f6b","bdc2e5a0-057b-46fc-8094-89516cfbe928,faa1bdda-82d2-4e0f-bc69-80b42206f807,780adce6-d538-45a1-a92b-3b7cd755af56,92fdf2d6-cb72-441f-821e-ea70eedac677,bd894f9d-dffe-4018-bf2f-668d68e88fa7,0e2ebe14-97b1-49f9-ba43-568761d24f6b,5d365120-9dd0-4337-a1c0-1889397d9b90",,"bd894f9d-dffe-4018-bf2f-668d68e88fa7,5d365120-9dd0-4337-a1c0-1889397d9b90","bdc2e5a0-057b-46fc-8094-89516cfbe928,780adce6-d538-45a1-a92b-3b7cd755af56,bff6a018-54f4-4532-9fe9-1b92a3c19cd1,92fdf2d6-cb72-441f-821e-ea70eedac677,0e2ebe14-97b1-49f9-ba43-568761d24f6b,5d365120-9dd0-4337-a1c0-1889397d9b90",,"bd894f9d-dffe-4018-bf2f-668d68e88fa7,5d365120-9dd0-4337-a1c0-1889397d9b90,faa1bdda-82d2-4e0f-bc69-80b42206f807,bff6a018-54f4-4532-9fe9-1b92a3c19cd1",1,22,1163700,36,21,1090300,34,4,151300,4,36,2264000,2019-10-04,2003,더제이수,5894
2019-10-04,2220,247,233,366,57147,1620,93,2506,316,12,567400,51515,894,113330,113886,0,113886,0,0,672258,0,0,4,4,0,null,2,4,0,35000,null,0,1,641,1,-23,2,2,1,"20fc5857-3dda-4e07-97a9-40bdd12f24a8,9388771d-83bd-43c0-a5a0-6aea2069fcc4,bda7f933-cb89-4054-a538-a10493436333,ff47d431-8410-45ed-8933-0b934bbee4d3","bda7f933-cb89-4054-a538-a10493436333,20fc5857-3dda-4e07-97a9-40bdd12f24a8,ff47d431-8410-45ed-8933-0b934bbee4d3,9388771d-83bd-43c0-a5a0-6aea2069fcc4",,"20fc5857-3dda-4e07-97a9-40bdd12f24a8,ff47d431-8410-45ed-8933-0b934bbee4d3","bda7f933-cb89-4054-a538-a10493436333,20fc5857-3dda-4e07-97a9-40bdd12f24a8,ff47d431-8410-45ed-8933-0b934bbee4d3,9388771d-83bd-43c0-a5a0-6aea2069fcc4",,,1,7,206000,8,6,185000,7,1,29000,1,12,567400,2019-10-04,2220,크러시제이,4781
2019-10-04,2413,1176,999,726,27958,540,27,1014,50,4,178000,0,0,0,0,0,0,0,0,-5266,0,0,0,0,0,null,0,0,0,null,null,0,3,-25,2,157,3,2,0,null,null,null,null,null,null,null,1,0,0,0,0,0,0,0,0,0,4,178000,2019-10-04,2413,드보우,1355
2019-10-04,3492,2507,1892,1675,1523,612,13,910,101,5,315200,0,0,0,0,0,0,0,0,67419,0,0,0,0,0,null,0,0,0,null,null,0,2,-25,1,175,2,1,0,null,null,null,null,null,null,null,1,0,0,0,0,0,0,0,0,0,5,315200,2019-10-04,3492,바이비브,91
2019-10-04,5387,2463,1863,1637,2517,377,11,656,45,6,339800,0,0,0,0,0,0,0,0,44298,0,0,0,0,0,null,0,0,0,null,null,0,9,-25,8,205,9,8,0,null,null,null,null,null,null,null,1,0,0,0,0,0,0,0,0,0,6,339800,2019-10-04,5387,미니걸스,69
2019-10-04,6147,720,635,1122,1866,879,18,1095,175,6,207500,41387,911,91049,91617,0,91617,0,0,434472,3,2,5,5,0,null,1,2,3,37500,10000,3,2,96,2,-25,2,2,1,"b6e8ac64-19ae-4f81-a247-5a26ba435f1d,8fb794a5-d48d-4463-a09b-efd1b820740a,3efe85f9-4f93-4e6d-8221-bbc7626bcfc6,2a6cd551-6326-43af-a199-27d9b4d928c7,07bade45-ddb6-4e63-bbed-01c441b620d2","b6e8ac64-19ae-4f81-a247-5a26ba435f1d,8fb794a5-d48d-4463-a09b-efd1b820740a,3efe85f9-4f93-4e6d-8221-bbc7626bcfc6,2a6cd551-6326-43af-a199-27d9b4d928c7,07bade45-ddb6-4e63-bbed-01c441b620d2",,8fb794a5-d48d-4463-a09b-efd1b820740a,"b6e8ac64-19ae-4f81-a247-5a26ba435f1d,2a6cd551-6326-43af-a199-27d9b4d928c7","3efe85f9-4f93-4e6d-8221-bbc7626bcfc6,8fb794a5-d48d-4463-a09b-efd1b820740a,07bade45-ddb6-4e63-bbed-01c441b620d2","8fb794a5-d48d-4463-a09b-efd1b820740a,3efe85f9-4f93-4e6d-8221-bbc7626bcfc6,07bade45-ddb6-4e63-bbed-01c441b620d2",1,0,0,0,0,0,0,0,0,0,6,207500,2019-10-04,6147,미코미코,253
2019-10-03,2003,188,181,273,76694,4792,156,9159,939,45,3339400,153135,3475,336895,338511,0,338511,2,2000000,2416649,0,0,4,4,0,null,0,4,0,87500,null,0,3,505,3,-26,3,3,1,"bdc2e5a0-057b-46fc-8094-89516cfbe928,780adce6-d538-45a1-a92b-3b7cd755af56,92fdf2d6-cb72-441f-821e-ea70eedac677,0e2ebe14-97b1-49f9-ba43-568761d24f6b","bdc2e5a0-057b-46fc-8094-89516cfbe928,780adce6-d538-45a1-a92b-3b7cd755af56,92fdf2d6-cb72-441f-821e-ea70eedac677,0e2ebe14-97b1-49f9-ba43-568761d24f6b",,,"bdc2e5a0-057b-46fc-8094-89516cfbe928,780adce6-d538-45a1-a92b-3b7cd755af56,92fdf2d6-cb72-441f-821e-ea70eedac677,0e2ebe14-97b1-49f9-ba43-568761d24f6b",,,1,16,902500,27,16,902500,27,0,0,0,45,3339400,2019-10-03,2003,더제이수,5590
2019-10-03,2220,244,231,369,57054,1716,86,2897,306,16,1182840,62270,1074,136993,136937,0,136937,0,0,786144,0,0,4,4,0,null,0,4,0,35000,null,0,1,640,1,-24,2,2,1,"bda7f933-cb89-4054-a538-a10493436333,20fc5857-3dda-4e07-97a9-40bdd12f24a8,ff47d431-8410-45ed-8933-0b934bbee4d3,9388771d-83bd-43c0-a5a0-6aea2069fcc4","bda7f933-cb89-4054-a538-a10493436333,20fc5857-3dda-4e07-97a9-40bdd12f24a8,ff47d431-8410-45ed-8933-0b934bbee4d3,9388771d-83bd-43c0-a5a0-6aea2069fcc4",,,"bda7f933-cb89-4054-a538-a10493436333,20fc5857-3dda-4e07-97a9-40bdd12f24a8,ff47d431-8410-45ed-8933-0b934bbee4d3,9388771d-83bd-43c0-a5a0-6aea2069fcc4",,,1,7,315500,12,7,315500,12,0,0,0,16,1182840,2019-10-03,2220,크러시제이,3671
2019-10-03,2413,1189,1009,730,27931,642,15,1325,34,6,222500,0,0,0,0,0,0,0,0,-5266,0,0,0,0,0,null,0,0,0,null,null,0,3,-26,2,156,3,2,0,null,null,null,null,null,null,null,1,0,0,0,0,0,0,0,0,0,6,222500,2019-10-03,2413,드보우,2157
2019-10-03,3492,2534,1907,1692,1510,699,5,1002,99,6,293350,0,0,0,0,0,0,0,0,67419,0,0,0,0,0,null,0,0,0,null,null,0,2,-26,1,174,2,1,0,null,null,null,null,null,null,null,1,0,0,0,0,0,0,0,0,0,6,293350,2019-10-03,3492,바이비브,127
2019-10-03,5387,2488,1880,1661,2506,406,5,717,41,1,48400,0,0,0,0,0,0,0,0,44298,0,0,0,0,0,null,0,0,0,null,null,0,9,-26,8,204,9,8,0,null,null,null,null,null,null,null,1,0,0,0,0,0,0,0,0,0,1,48400,2019-10-03,5387,미니걸스,113
2019-10-03,6147,716,632,1130,1848,935,23,1189,187,6,181300,32683,867,71902,72320,0,72320,0,0,526089,0,0,2,2,0,null,0,2,0,37500,null,0,2,95,2,-26,2,2,1,"b6e8ac64-19ae-4f81-a247-5a26ba435f1d,2a6cd551-6326-43af-a199-27d9b4d928c7","b6e8ac64-19ae-4f81-a247-5a26ba435f1d,2a6cd551-6326-43af-a199-27d9b4d928c7",,,"b6e8ac64-19ae-4f81-a247-5a26ba435f1d,2a6cd551-6326-43af-a199-27d9b4d928c7",,,1,0,0,0,0,0,0,0,0,0,6,181300,2019-10-03,6147,미코미코,174
2019-10-02,2003,187,180,275,76538,4341,144,7706,721,25,1890000,148286,3286,326228,325861,0,325861,0,0,755160,1,0,7,6,0,null,0,7,0,62857.142857142855,null,1,3,504,3,-27,3,3,1,"6d19b972-b870-48ca-a104-89953f144520,d6f279c0-f88f-4cc7-8e33-d8e7139865d5,e35b80de-8cb0-475f-855d-ad45c865ae66,bdc2e5a0-057b-46fc-8094-89516cfbe928,780adce6-d538-45a1-a92b-3b7cd755af56,92fdf2d6-cb72-441f-821e-ea70eedac677,0e2ebe14-97b1-49f9-ba43-568761d24f6b","6d19b972-b870-48ca-a104-89953f144520,bdc2e5a0-057b-46fc-8094-89516cfbe928,780adce6-d538-45a1-a92b-3b7cd755af56,d6f279c0-f88f-4cc7-8e33-d8e7139865d5,92fdf2d6-cb72-441f-821e-ea70eedac677,0e2ebe14-97b1-49f9-ba43-568761d24f6b",,,"6d19b972-b870-48ca-a104-89953f144520,d6f279c0-f88f-4cc7-8e33-d8e7139865d5,e35b80de-8cb0-475f-855d-ad45c865ae66,bdc2e5a0-057b-46fc-8094-89516cfbe928,780adce6-d538-45a1-a92b-3b7cd755af56,92fdf2d6-cb72-441f-821e-ea70eedac677,0e2ebe14-97b1-49f9-ba43-568761d24f6b",,6d19b972-b870-48ca-a104-89953f144520,1,13,742700,18,12,705300,17,2,57800,2,25,1890000,2019-10-02,2003,더제이수,8444
2019-10-02,2220,245,232,371,56968,1724,102,2948,214,26,1670200,58265,1023,128181,128852,0,128852,0,0,923081,0,0,5,5,0,null,2,5,0,38000,null,0,1,639,1,-25,2,2,1,"20fc5857-3dda-4e07-97a9-40bdd12f24a8,9388771d-83bd-43c0-a5a0-6aea2069fcc4,a1f3e7dd-d7dd-489d-bf4a-048e323fe60f,bda7f933-cb89-4054-a538-a10493436333,ff47d431-8410-45ed-8933-0b934bbee4d3","bda7f933-cb89-4054-a538-a10493436333,20fc5857-3dda-4e07-97a9-40bdd12f24a8,ff47d431-8410-45ed-8933-0b934bbee4d3,9388771d-83bd-43c0-a5a0-6aea2069fcc4,a1f3e7dd-d7dd-489d-bf4a-048e323fe60f",,"20fc5857-3dda-4e07-97a9-40bdd12f24a8,a1f3e7dd-d7dd-489d-bf4a-048e323fe60f","bda7f933-cb89-4054-a538-a10493436333,20fc5857-3dda-4e07-97a9-40bdd12f24a8,ff47d431-8410-45ed-8933-0b934bbee4d3,9388771d-83bd-43c0-a5a0-6aea2069fcc4,a1f3e7dd-d7dd-489d-bf4a-048e323fe60f",,,1,9,302500,12,9,302500,12,0,0,0,26,1670200,2019-10-02,2220,크러시제이,5980
2019-10-02,2413,1180,1000,729,27916,762,16,1345,77,2,178500,0,0,0,0,0,0,0,0,-5266,0,0,0,0,0,null,0,0,0,null,null,0,3,-27,2,155,3,2,0,null,null,null,null,null,null,null,1,0,0,0,0,0,0,0,0,0,2,178500,2019-10-02,2413,드보우,3274
2019-10-02,3492,2549,1915,1696,1505,651,9,902,91,3,476380,0,0,0,0,0,0,0,0,67419,0,0,0,0,0,null,0,0,0,null,null,0,2,-27,1,173,2,1,0,null,null,null,null,null,null,null,1,0,0,0,0,0,0,0,0,0,3,476380,2019-10-02,3492,바이비브,185
2019-10-02,5387,2531,1906,1686,2501,434,9,728,78,3,166200,0,0,0,0,0,0,0,0,44298,0,0,0,0,0,null,0,0,0,null,null,0,9,-27,8,203,9,8,0,null,null,null,null,null,null,null,1,0,0,0,0,0,0,0,0,0,3,166200,2019-10-02,5387,미니걸스,82
2019-10-02,6147,719,633,1143,1825,870,24,1093,211,6,303200,36060,859,79331,78198,0,78198,1,500000,598409,2,1,3,3,0,null,1,2,1,37500,10000,1,2,94,2,-27,2,2,1,"d6a0decb-1c87-4d29-8dbf-e22a933411bf,b6e8ac64-19ae-4f81-a247-5a26ba435f1d,2a6cd551-6326-43af-a199-27d9b4d928c7","d6a0decb-1c87-4d29-8dbf-e22a933411bf,b6e8ac64-19ae-4f81-a247-5a26ba435f1d,2a6cd551-6326-43af-a199-27d9b4d928c7",,d6a0decb-1c87-4d29-8dbf-e22a933411bf,"2a6cd551-6326-43af-a199-27d9b4d928c7,b6e8ac64-19ae-4f81-a247-5a26ba435f1d",d6a0decb-1c87-4d29-8dbf-e22a933411bf,d6a0decb-1c87-4d29-8dbf-e22a933411bf,1,0,0,0,0,0,0,0,0,0,6,303200,2019-10-02,6147,미코미코,329
2019-10-01,2003,186,178,277,76394,4801,160,8819,809,46,2803762,144093,3000,317001,316310,0,316310,0,0,1081021,7,0,11,9,0,null,1,8,0,62500,null,6,3,503,3,-28,3,3,1,"8bfd0610-8723-409d-a93b-85235e589b84,d6f279c0-f88f-4cc7-8e33-d8e7139865d5,e35b80de-8cb0-475f-855d-ad45c865ae66,bdc2e5a0-057b-46fc-8094-89516cfbe928,1f46cdda-3fae-47be-8db6-075c77d05ae4,3916d714-a52e-4c41-8fb8-cf6d0898a9a4,92fdf2d6-cb72-441f-821e-ea70eedac677,0e2ebe14-97b1-49f9-ba43-568761d24f6b,4d27bab0-e845-4634-8b8e-122af84d54f8,28708655-cacf-4b93-82c8-59af38c3b57c,94a54be3-3c08-4139-abfb-1b55c27b6b33","d6f279c0-f88f-4cc7-8e33-d8e7139865d5,e35b80de-8cb0-475f-855d-ad45c865ae66,bdc2e5a0-057b-46fc-8094-89516cfbe928,1f46cdda-3fae-47be-8db6-075c77d05ae4,3916d714-a52e-4c41-8fb8-cf6d0898a9a4,92fdf2d6-cb72-441f-821e-ea70eedac677,0e2ebe14-97b1-49f9-ba43-568761d24f6b,4d27bab0-e845-4634-8b8e-122af84d54f8,28708655-cacf-4b93-82c8-59af38c3b57c",,28708655-cacf-4b93-82c8-59af38c3b57c,"bdc2e5a0-057b-46fc-8094-89516cfbe928,8bfd0610-8723-409d-a93b-85235e589b84,d6f279c0-f88f-4cc7-8e33-d8e7139865d5,3916d714-a52e-4c41-8fb8-cf6d0898a9a4,e35b80de-8cb0-475f-855d-ad45c865ae66,92fdf2d6-cb72-441f-821e-ea70eedac677,0e2ebe14-97b1-49f9-ba43-568761d24f6b,4d27bab0-e845-4634-8b8e-122af84d54f8",,"8bfd0610-8723-409d-a93b-85235e589b84,d6f279c0-f88f-4cc7-8e33-d8e7139865d5,e35b80de-8cb0-475f-855d-ad45c865ae66,1f46cdda-3fae-47be-8db6-075c77d05ae4,0e2ebe14-97b1-49f9-ba43-568761d24f6b,28708655-cacf-4b93-82c8-59af38c3b57c",1,18,1238800,36,19,1289800,38,3,119000,3,46,2803762,2019-10-01,2003,더제이수,10499
2019-10-01,2220,242,228,371,56866,1962,110,3437,258,32,1553990,60836,1100,133837,132272,0,132272,1,1000000,1051933,0,0,4,4,0,null,1,4,0,40000,null,0,1,638,1,-26,2,2,1,"bda7f933-cb89-4054-a538-a10493436333,ff47d431-8410-45ed-8933-0b934bbee4d3,9388771d-83bd-43c0-a5a0-6aea2069fcc4,a1f3e7dd-d7dd-489d-bf4a-048e323fe60f","bda7f933-cb89-4054-a538-a10493436333,ff47d431-8410-45ed-8933-0b934bbee4d3,9388771d-83bd-43c0-a5a0-6aea2069fcc4,a1f3e7dd-d7dd-489d-bf4a-048e323fe60f",,a1f3e7dd-d7dd-489d-bf4a-048e323fe60f,"bda7f933-cb89-4054-a538-a10493436333,ff47d431-8410-45ed-8933-0b934bbee4d3,9388771d-83bd-43c0-a5a0-6aea2069fcc4,a1f3e7dd-d7dd-489d-bf4a-048e323fe60f",,,1,7,293000,12,7,293000,12,0,0,0,32,1553990,2019-10-01,2220,크러시제이,5925
2019-10-01,2413,1182,1000,727,27900,881,22,1866,153,10,727800,0,0,0,0,0,0,0,0,-5266,0,0,0,0,0,null,0,0,0,null,null,0,3,-28,2,154,3,2,0,null,null,null,null,null,null,null,1,0,0,0,0,0,0,0,0,0,10,727800,2019-10-01,2413,드보우,3941
2019-10-01,3492,2541,1904,1698,1496,741,11,1166,134,9,617110,0,0,0,0,0,0,0,0,67419,0,0,0,0,0,null,0,0,0,null,null,0,2,-28,1,172,2,1,0,null,null,null,null,null,null,null,1,0,0,0,0,0,0,0,0,0,9,617110,2019-10-01,3492,바이비브,261
2019-10-01,5387,2529,1897,1691,2492,508,4,902,66,9,589700,0,0,0,0,0,0,0,0,44298,0,0,0,0,0,null,0,0,0,null,null,0,9,-28,8,202,9,8,0,null,null,null,null,null,null,null,1,0,0,0,0,0,0,0,0,0,9,589700,2019-10-01,5387,미니걸스,122
2019-10-01,6147,721,632,1145,1801,1049,29,1355,196,16,510200,40401,951,88881,89124,0,89124,0,0,176607,2,2,5,4,0,null,2,2,3,37500,10000,2,2,93,2,-28,2,2,1,"b6e8ac64-19ae-4f81-a247-5a26ba435f1d,6b2d4ef8-0339-427a-aeba-242612aa81ab,533662de-5d56-47b4-b4fa-cfa4d09e4954,2a6cd551-6326-43af-a199-27d9b4d928c7,66bd1e8b-8c87-4f75-b0b7-fa4d83d6dbda","2a6cd551-6326-43af-a199-27d9b4d928c7,66bd1e8b-8c87-4f75-b0b7-fa4d83d6dbda,b6e8ac64-19ae-4f81-a247-5a26ba435f1d,533662de-5d56-47b4-b4fa-cfa4d09e4954",,"66bd1e8b-8c87-4f75-b0b7-fa4d83d6dbda,533662de-5d56-47b4-b4fa-cfa4d09e4954","2a6cd551-6326-43af-a199-27d9b4d928c7,b6e8ac64-19ae-4f81-a247-5a26ba435f1d","66bd1e8b-8c87-4f75-b0b7-fa4d83d6dbda,6b2d4ef8-0339-427a-aeba-242612aa81ab,533662de-5d56-47b4-b4fa-cfa4d09e4954","66bd1e8b-8c87-4f75-b0b7-fa4d83d6dbda,533662de-5d56-47b4-b4fa-cfa4d09e4954",1,0,0,0,0,0,0,0,0,0,16,510200,2019-10-01,6147,미코미코,332
